Timestamp,X,Y,Speed
1752597789.328615,621,818,
1752597789.3292747,624,818,4547.492591254066
1752597789.3371718,628,818,506.51257434411133
1752597789.3408527,633,818,1358.34704320228
1752597789.344849,639,818,1501.3616513542536
1752597789.3488548,644,818,1248.2304624724718
1752597789.352898,648,818,989.3393088807643
1752597789.356645,651,818,800.5924794808169
1752597789.3611324,655,818,891.4093831358589
1752597789.3641386,659,818,1330.5746688873028
1752597789.3651495,663,818,3956.890566037736
1752597789.372583,666,818,403.5830393225993
1752597789.376935,670,818,919.0980606990249
1752597789.3799536,672,817,740.7589339151156
1752597789.3820434,678,816,2910.7764075162513
1752597789.388917,682,815,599.8459388813964
1752597789.3934524,685,813,794.9733552480529
1752597789.3957317,691,812,2668.719164422588
1752597789.3988233,695,811,1333.6591669584836
1752597789.404779,700,809,904.204094924879
1752597789.4087636,705,808,1279.6528416167218
1752597789.412871,711,807,1480.986545067623
1752597789.4162843,716,805,1577.636256982851
1752597789.4173343,724,804,7678.374187720163
1752597789.4243462,729,804,713.0744644678681
1752597789.4286199,736,802,1703.486417241218
1752597789.429387,742,801,7928.202365407067
1752597789.4369304,749,800,937.3939760289077
1752597789.4399407,757,798,2739.35663202133
1752597789.4430375,764,796,2350.8348625027975
1752597789.448865,772,795,1383.502165236871
1752597789.4512908,779,795,2885.516265356265
1752597789.4562922,786,795,1399.6342661009678
1752597789.4605966,792,794,1413.146959780655
1752597789.4644213,799,792,1903.440595253013
1752597789.4675581,807,791,2570.1573248247773
1752597789.4724226,815,789,1695.1976099544827
1752597789.4764574,822,789,1734.9245405660936
1752597789.4778962,827,789,3474.9826014913006
1752597789.4778962,832,789,578.338557705566
1752597789.4882708,838,789,2038.841143301575
1752597789.4907231,843,789,1386.9135639177302
1752597789.4943283,848,789,1109.4281331005661
1752597789.498835,853,789,1206.5599424667387
1752597789.5021503,857,789,871.362625947855
1752597789.5067408,861,789,1166.542622722848
1752597789.5101697,865,789,689.4746301369863
1752597789.514521,868,789,522.1016991348728
1752597789.5183516,870,789,1069.7026268808977
1752597789.522091,874,789,452.0211229658368
1752597789.5265155,876,789,909.2849168066772
1752597789.5309145,880,789,962.051493778313
1752597789.5350723,884,789,497.2500296384114
1752597789.5390944,886,789,1050.4142248935636
1752597789.5429025,890,789,1093.3491329330004
1752597789.5469928,894,791,1436.7991230474101
1752597789.5504727,899,791,1155.901449594885
1752597789.5547984,904,791,1716.7490279009482
1752597789.5582933,910,791,1140.1448950815795
1752597789.5627656,915,792,1767.3539517578597
1752597789.5650985,919,793,849.3704820050062
1752597789.5703638,923,795,978.4268102061725
1752597789.5735958,926,796,1335.5529374303455
1752597789.5780883,932,796,1187.5825358174302
1752597789.5822985,937,796,899.5343949386092
1752597789.5867453,941,796,1509.6951914404763
1752597789.5894763,945,797,207.3770240537935
1752597789.5894763,947,797,776.2916898019619
1752597789.5991206,949,797,397.3195661440818
1752597789.601697,951,797,344.6024284851985
1752597789.6067307,953,797,750.5464956755145
1752597789.6108346,954,798,280.5929890286326
1752597789.6148317,957,798,499.35162807309956
1752597789.6183956,958,798,495.39998818874386
1752597789.6224008,960,798,956.9482089892767
1752597789.626438,962,798,335.5040595128585
1752597789.6285279,964,798,1030.4825657222414
1752597789.634489,966,798,6358.2172814552805
1752597789.6384902,970,799,441.90223063771
1752597789.638962,973,799,1166.4885510336517
1752597789.6471212,976,801,615.9941254222352
1752597789.649693,979,801,1165.3272209488089
1752597789.6545632,982,801,912.4443844220259
1752597789.6579957,986,801,1848.5253415601587
1752597789.6625144,990,802,375.5084305708914
1752597789.6646783,994,802,690.4204115226338
1752597789.6646783,997,802,108.9344726384957
1752597789.6726675,1000,802,290.70584973662324
1752597789.6755643,1002,802,935.6020521971894
1752597789.6755643,1004,802,52.001735745192605
1752597789.6847441,1005,802,227.64200814111263
1752597789.688184,1006,802,90.25831719388853
1752597789.6892529,1007,802,375.7326883454269
1752597789.708483,1008,802,154.08905216752387
1752597789.7128758,1009,802,507.5699158952018
1752597789.7239552,1010,802,543.6557355800389
1752597789.7266166,1011,802,333.4256099783992
1752597789.7331064,1012,802,844.0375637241749
1752597789.7370467,1014,802,471.36376362966644
1752597789.7407255,1016,802,436.6110446052152
1752597789.744967,1017,801,301.64979665966854
1752597789.7485213,1020,801,237.5030577576444
1752597789.7515216,1021,800,946.9657575019465
1752597789.7561023,1023,800,192.57594123048668
1752597789.7607906,1024,799,323.35595298275854
1752597789.765001,1025,799,255.0193956344622
1752597789.7673624,1027,798,313.2883178966238
1752597789.772555,1028,798,128.12903619978616
1752597789.7769287,1029,797,115.4851179823233
1752597789.78085,1030,797,385.71859481331614
1752597789.784042,1031,797,68.17567699359579
1752597789.7918465,1032,797,314.9934470562223
1752597789.7918465,1033,796,302.94720115565184
1752597789.8005056,1034,796,91.92793582606409
1752597789.8056908,1036,796,82.91432412129838
1752597789.8203588,1037,796,380.160328239167
1752597789.8248484,1038,795,124.5265720562912
1752597789.8281493,1039,795,432.3579012472941
1752597789.8390274,1040,795,266.3512169517612
1752597789.8390274,1040,794,290.86712898751733
1752597789.851088,1041,794,233.43187889581478
1752597789.854808,1042,793,168.63231276519465
1752597789.8628385,1043,793,488.0001317577723
1752597789.8651514,1044,793,21.90956256354313
1752597789.870461,1045,792,0.8867966216442763
1752597789.873899,1046,792,107.96427192463126
1752597789.878183,1047,792,525.2728866624922
1752597789.8865693,1048,791,250.03302533532042
1752597789.8894672,1049,790,240.3888124713434
1752597789.8894672,1050,790,244.16719059261845
1752597789.954015,1051,789,206.00707269155205
1752597791.548759,1052,788,332.327390856509
1752597791.5580213,1053,788,517.2484481744583
1752597791.5618289,1055,788,261.8003869920729
1752597791.5658283,1056,788,538.3588119108707
1752597791.5699883,1057,788,649.6753407682776
1752597791.5740838,1058,788,696.6125228367381
1752597791.578938,1059,788,423.8811520970187
1752597791.581947,1060,788,940.058048971816
1752597791.58627,1062,789,1111.1474932114709
1752597791.5900898,1063,789,519.7080726101233
1752597791.5942433,1065,790,910.3209983722193
1752597791.598861,1068,790,861.8293592693226
1752597791.601732,1070,790,1195.7601120331867
1752597791.6064503,1072,790,473.9374835665915
1752597791.6107054,1076,790,911.0503855205277
1752597791.6143053,1080,790,534.1021265758309
1752597791.6181536,1082,790,1142.3739779093403
1752597791.6225476,1086,790,1118.1816825394073
1752597791.626217,1089,789,1401.2772840728042
1752597791.6292322,1092,787,2333.542620702109
1752597791.6339502,1094,786,952.5581395348837
1752597791.638476,1098,785,1754.2797902475488
1752597791.638476,1102,784,1855.2186856717549
1752597791.645965,1106,784,1437.7968514946003
1752597791.650679,1111,782,1108.4681316982956
1752597791.6546786,1115,780,1346.0678361873347
1752597791.65787,1119,778,1061.7852215894122
1752597791.662886,1130,774,1702.5026223483737
1752597791.668135,1134,771,5934.625543586867
1752597791.6722848,1141,769,697.2377925983478
1752597791.6759007,1147,766,2629.1058873207585
1752597791.6805663,1153,763,1138.5733587671882
1752597791.6846008,1157,761,1022.3196038041295
1752597791.6886015,1162,759,1038.4650464150998
1752597791.6928134,1166,757,1476.9915705759856
1752597791.6958084,1171,756,1563.4530369723434
1752597791.6968334,1177,755,708.0441598501358
1752597791.704557,1182,753,2659.1733330849397
1752597791.7076235,1190,752,833.4699120007899
1752597791.7123532,1195,750,1581.253438144358
1752597791.7163863,1199,749,1638.7840900210988
1752597791.7203567,1203,748,1128.9577950043067
1752597791.723809,1208,747,1238.6462701553364
1752597791.7278543,1214,745,1316.593828665494
1752597791.7278543,1219,744,2483.894350349402
1752597791.7364452,1225,743,715.0499083663641
1752597791.7384703,1230,741,1340.8900255754477
1752597791.7445881,1235,740,1248.379070182749
1752597791.7485878,1241,738,1659.0079898742188
1752597791.751639,1246,738,784.7888483487698
1752597791.7560678,1251,738,1221.6893859955726
1752597791.7601044,1256,738,1438.1292645294018
1752597791.7647245,1262,737,1245.7095337095336
1752597791.7667375,1267,737,1345.4494129723487
1752597791.7723315,1271,737,1257.8132309722305
1752597791.7760603,1276,737,1501.1825340014316
1752597791.7800655,1281,737,1370.9563966790874
1752597791.7830794,1286,737,998.0259839147194
1752597791.7881763,1290,737,1287.6232578129798
1752597791.792269,1295,737,1987.3508647239992
1752597791.796441,1301,737,1069.8156723925297
1752597791.8004549,1306,737,1577.1128894034705
1752597791.804171,1311,737,2599.79492302296
1752597791.8081462,1316,737,896.5253077975376
1752597791.812143,1322,737,2002.7713978751342
1752597791.8157902,1327,737,1983.825943005794
1752597791.8208,1332,737,356.8099243788959
1752597791.8246832,1337,737,560.8482984555726
1752597791.8277023,1343,737,253.62382464096748
1752597791.832736,1348,739,415.95715773293006
1752597791.836593,1354,740,557.6790320436112
1752597791.8386643,1359,742,747.3813257305774
1752597791.8442414,1364,742,498.46146532770814
1752597791.8462386,1368,742,489.55984826378756
1752597791.848255,1372,742,991.5026298682111
1752597791.8545218,1374,743,999.2981118589553
1752597791.8580878,1376,743,738.3904700428378
1752597791.8580878,1379,744,365.7397976979421
1752597791.8659735,1381,744,863.4993137524019
1752597791.8707817,1383,744,1860.551826112672
1752597791.874368,1385,744,586.1650478652784
1752597791.878382,1388,744,1012.2611318933269
1752597791.8823943,1390,744,499.76812630324696
1752597791.8864796,1392,744,504.6993562360869
1752597791.890514,1396,744,990.9755463673952
1752597791.8945167,1400,744,169.12516129032258
1752597791.8985796,1403,744,653.3364469121844
1752597791.8985796,1406,744,88.04051416741952
1752597791.9067822,1409,744,71.22752436911999
1752597791.9102564,1412,744,297.5950049666525
1752597791.9118688,1415,744,249.49759086312534
1752597791.9186928,1419,744,122.92441604876763
1752597791.9226444,1423,744,245.58252825106857
1752597791.9266462,1425,744,271.4935594536863
1752597791.930609,1427,744,247.87565746705278
1752597791.9326272,1429,744,496.2498816848083
1752597791.93854,1430,744,166.44723996984007
1752597791.9407046,1431,745,655.7698561601001
1752597791.9407046,1432,745,625.9688082978882
1752597791.9567678,1433,746,218.19195755085053
1752597791.9708073,1434,746,1001.9837553750597
1752597791.9741676,1434,747,242.29125989255388
1752597791.9781756,1435,747,498.3726235741445
1752597791.9863107,1436,747,254.91090312386046
1752597791.9903827,1437,747,510.9397003289073
1752597791.994066,1438,747,237.59723559734888
1752597791.9981003,1439,747,247.67074106879244
1752597792.0001154,1440,747,265.3782980069598
1752597792.0061233,1441,747,120.34614943188339
1752597792.010698,1444,747,232.59047302168247
1752597792.0138931,1446,747,121.14786163791761
1752597792.0184762,1447,747,328.3469547518397
1752597792.0204723,1449,747,79.15573337359402
1752597792.0245996,1450,747,41.033732488064494
1752597792.0286126,1452,747,124.88994759409242
1752597792.0325356,1453,747,593.8417103213932
1752597792.03645,1455,747,0.5219559984656054
1752597792.0406587,1456,747,174.84021881012475
1752597792.0446963,1457,747,626.9217153943368
1752597792.0484645,1458,747,1030.5439734193824
1752597792.056774,1459,747,706.4421606045046
1752597792.0610733,1460,747,911.4825498313738
1752597792.0727468,1461,748,1035.5424202365662
1752597792.0757923,1462,748,991.7255855238742
1752597792.0884256,1463,748,1282.7146134068132
1752597792.0884256,1464,749,1269.6252859566798
1752597792.1127958,1465,749,967.5441753171857
1752597792.1208029,1466,749,1254.1274967109198
1752597792.1224868,1466,750,4829.921695071395
1752597795.9542274,1466,752,853.5706678424855
1752597795.9542274,1463,758,1363.6363992559898
1752597795.9723141,1462,761,2444.4365997835316
1752597795.9758809,1461,763,1872.0899032674306
1752597795.9798818,1460,767,1892.821350672504
1752597795.9838855,1458,769,2002.3424871340358
1752597795.988409,1457,773,1737.6084919506536
1752597795.9923906,1456,777,2247.478394438362
1752597795.9969,1454,781,1215.5975615533866
1752597796.0001144,1453,785,2016.0710619876943
1752597796.0041306,1452,790,2545.749070579725
1752597796.0082648,1452,794,1751.6930970705805
1752597796.0122516,1452,799,1748.2510420388235
1752597796.0132868,1452,804,1753.3668557778442
1752597796.0203161,1452,810,2000.025749538058
1752597796.0292375,1450,822,2250.1630901287554
1752597796.0321012,1450,829,2164.881875829524
1752597796.0364077,1449,837,1793.9709153122326
1752597796.0402539,1447,844,8932.195923334348
1752597796.0442803,1446,852,911.748587044283
1752597796.04847,1444,859,1749.1884420613644
1752597796.0520573,1443,867,1770.0686079459817
1752597796.0564873,1441,872,2008.766283524904
1752597796.0604863,1440,880,2418.8604382929643
1752597796.0644922,1438,890,1153.911649111775
1752597796.0684884,1438,897,2185.834425253127
1752597796.0724924,1438,904,1251.9563011163514
1752597796.0764847,1438,911,1373.7553359899557
1752597796.0804846,1438,919,3500.6710385119827
1752597796.0844843,1438,928,1749.7096543504172
1752597796.0877178,1438,935,1749.813934084272
1752597796.0921772,1438,943,2311.340964221363
1752597796.0929608,1438,950,839.199898814235
1752597796.1006384,1438,957,1824.509681468023
1752597796.1046402,1438,964,1395.2179378694052
1752597796.108595,1438,971,787.7622996469012
1752597796.1125774,1438,979,927.0697125523028
1752597796.1146445,1438,984,663.7607216331699
1752597796.1207108,1438,991,27.32659230689044
1752597796.1239133,1438,998,341.5172065242089
1752597796.127907,1438,1003,289.721903709332
1752597796.1322746,1438,1009,553.7759129841331
1752597796.1342742,1438,1016,408.5996832345335
1752597796.138275,1438,1023,244.69424187620325
1752597796.1422753,1438,1030,616.4345649795503
1752597796.1444814,1437,1035,338.7573730163177
1752597796.1444814,1435,1043,369.89533558965593
1752597796.1540885,1434,1051,193.11347161181234
1752597796.1580787,1432,1058,3383.708842849813
1752597796.1624384,1431,1064,336.9293724235003
1752597796.1664526,1430,1067,246.14460093896713
1752597796.1709,1429,1071,357.13418035497153
1752597796.1739132,1429,1073,142.94053096138774
1752597796.1739132,1429,1074,203.38977790708952
1752597796.2105076,1428,1074,371.6101742585968
1752597796.2187896,1426,1072,63.675482010019735
1752597796.2222412,1426,1071,271.72220782586163
1752597796.226279,1424,1070,66.42337477234935
1752597796.2297401,1423,1069,521.549863218105
1752597796.2338269,1423,1068,215.1290355678302
1752597796.2384152,1421,1066,216.98978245686644
1752597796.24259,1420,1065,1502.6166706472416
1752597796.2464132,1419,1064,665.9210923235692
1752597796.2579923,1418,1062,500.2449758482915
1752597796.2584102,1417,1061,246.40488779226882
1752597796.2626076,1416,1060,1852.198719364098
1752597796.2666702,1416,1059,99.71955017712371
1752597796.2706301,1415,1058,221.53404109227276
1752597796.277626,1414,1058,223.17250186229649
1752597796.2825427,1414,1057,355.0393009825655
1752597796.2863483,1413,1056,129.27427955000772
1752597796.302053,1412,1056,566.2665013380165
1752597796.3057332,1411,1056,202.23259402121505
1752597796.3207881,1411,1055,89.03402746821202
1752597796.3227055,1410,1055,625.3443582817008
1752597796.3464077,1405,1054,248.4041456914421
1752597796.3556247,1403,1054,262.58501168349187
1752597796.3576212,1400,1054,387.3929989840214
1752597796.3606246,1398,1054,706.8240788251999
1752597796.3646226,1396,1054,237.66455122393472
1752597796.368681,1395,1054,218.60134466044718
1752597796.3697608,1393,1054,1045.3069643345416
1752597796.3697608,1391,1054,390.8052181786614
1752597796.3797889,1390,1054,956.075678139959
1752597796.3843029,1389,1054,90.40812191494406
1752597796.3887837,1388,1054,354.0010504604752
1752597796.392767,1387,1053,188.3778455765918
1752597796.4005024,1386,1053,0.0
1752597796.4029999,1385,1052,333.03986025091314
1752597796.4079447,1384,1052,239.537635636779
1752597796.4079447,1383,1051,320.0781440781441
1752597796.4191763,1382,1051,247.5830234342719
1752597796.4242332,1379,1050,114.3329426195993
1752597796.428259,1378,1050,303.01285941337954
1752597796.4367745,1376,1049,354.1067161074397
1752597796.4393559,1375,1049,116.78093328878494
1752597796.4438298,1372,1048,347.32647859911714
1752597796.4480374,1371,1048,142.1846164276755
1752597796.452612,1370,1048,282.5667683648877
1752597796.4565563,1366,1047,481.38459772753356
1752597796.460175,1365,1046,183.26942235427774
1752597796.461221,1364,1046,353.874334895342
1752597796.461221,1363,1045,285.83235654899823
1752597796.472282,1362,1045,590.8304975346285
1752597796.4762769,1361,1044,248.13962018576584
1752597796.4837842,1360,1043,128.2975651535544
1752597796.4955251,1360,1043,247.94892409553086
1752597796.4985278,1360,1042,249.52727705395918
1752597796.5027025,1359,1042,497.22055598364057
1752597796.5058267,1359,1041,242.99310584554777
1752597796.5098658,1358,1041,510.0077821011673
1752597796.5098658,1358,1040,270.94987080103357
1752597796.5186121,1357,1040,234.67919988809624
1752597796.5219123,1356,1040,844.0934436751346
1752597796.525906,1355,1039,335.651728553137
1752597796.5344691,1354,1039,492.69399741571715
1752597796.5385408,1353,1038,213.22271363936758
1752597796.545574,1352,1038,445.5389844911833
1752597796.5505788,1351,1037,498.7578334026993
1752597796.5526562,1350,1037,751.2634784166219
1752597796.5581126,1349,1037,396.56824091145467
1752597796.562109,1348,1036,755.2543777016652
1752597796.569106,1346,1036,250.43611177454025
1752597796.5744584,1343,1035,459.5623707516307
1752597796.5784883,1342,1035,351.4213876127568
1752597796.5862827,1341,1035,125.31532715864954
1752597796.5903158,1340,1035,955.6400091136933
1752597796.5943234,1339,1035,210.8953139982835
1752597796.5983458,1337,1035,105.43220552008447
1752597796.602461,1336,1035,61.765414463899155
1752597796.6063826,1334,1035,105.10196206179367
1752597796.6100733,1333,1035,350.0211966953184
1752597796.6100733,1331,1035,250.5557945041816
1752597796.6185956,1329,1035,282.19767207158714
1752597796.622867,1326,1033,252.9584464145709
1752597796.6258464,1325,1033,259.4521835951998
1752597796.627876,1324,1033,750.5017296910414
1752597796.627876,1322,1033,981.4681174681175
1752597796.637256,1320,1033,301.4882116158712
1752597796.6417449,1318,1033,1759.7247744912943
1752597796.6457548,1316,1033,386.224728930224
1752597796.649748,1313,1033,413.6394477317554
1752597796.6547914,1311,1033,2362.9881690140846
1752597796.657752,1309,1032,321.9947796714264
1752597796.661745,1308,1032,275.8911381164592
1752597796.6666107,1306,1031,809.7804234151157
1752597796.670635,1305,1030,488.618825722274
1752597796.6786149,1304,1030,222.9688983015345
1752597796.6796613,1303,1030,472.0126040963313
1752597796.686367,1302,1029,338.93526791083934
1752597796.6958518,1301,1029,248.18366863905325
1752597796.6958518,1300,1029,116.27589265912619
1752597796.712042,1299,1029,559.0241915896333
1752597796.7215567,1298,1029,330.0262805885593
1752597796.7244136,1297,1029,222.3325735489001
1752597796.7284048,1296,1029,220.99710206017176
1752597796.7319484,1295,1029,417.54481215794186
1752597796.7359016,1294,1029,979.7486568558747
1752597796.7397559,1293,1029,129.47380768637134
1752597796.7437532,1290,1029,268.95184353959604
1752597796.745791,1288,1029,697.1020803285606
1752597796.7524247,1286,1029,453.67197424938
1752597796.7535613,1284,1029,199.0179833926453
1752597796.7535613,1283,1029,454.2977525047387
1752597796.763918,1279,1029,933.7491698568631
1752597796.768753,1277,1029,227.71616265812477
1752597796.7695994,1275,1029,317.3358442925167
1752597796.7758107,1273,1029,473.6650479954828
1752597796.7903092,1269,1029,134.23491006848877
1752597796.7920556,1268,1030,262.68578944072146
1752597796.7941022,1267,1030,250.31654332776318
1752597796.8004448,1266,1031,539.1944844371208
1752597796.8025634,1265,1031,183.93649958338816
1752597796.8025634,1264,1031,218.8070973298802
1752597796.8118935,1261,1032,117.11353102138828
1752597796.8159227,1260,1032,42.1686422359624
1752597796.824523,1259,1032,88.29869749342367
1752597796.828523,1257,1033,82.34458928851893
1752597796.831553,1256,1033,390.27672838931795
1752597796.8360507,1255,1033,193.28589861751152
1752597796.8405757,1254,1033,165.80409787605095
1752597796.8439627,1253,1034,273.67245204228107
1752597796.8449833,1252,1034,250.1970890002386
1752597796.852707,1251,1034,250.06283908662732
1752597796.852707,1249,1035,25.933507694780904
1752597796.8601432,1247,1035,52.550322621061206
1752597796.862172,1246,1036,279.93966687978303
1752597796.862172,1244,1036,109.91650724599701
1752597796.8691423,1241,1037,97.3517779221985
1752597796.874167,1240,1037,282.8637712435932
1752597796.8785694,1238,1037,114.16178551986935
1752597796.8815985,1236,1039,184.19094042992336
1752597796.88599,1235,1039,60.2128111631112
1752597796.8904464,1234,1040,49.164291072768194
1752597796.8946688,1232,1040,77.41996455995275
1752597796.8946688,1229,1041,52.574035773825194
1752597796.9021184,1228,1041,44.08791717033689
1752597796.9059253,1227,1041,0.0
1752597796.9099202,1226,1041,84.51487063754332
1752597796.9140673,1224,1042,214.6961506961507
1752597796.919504,1223,1042,247.59763872491146
1752597796.9259672,1222,1043,127.76994547171536
1752597796.934506,1221,1043,606.244706222447
1752597796.9582202,1220,1043,249.88406315162348
1752597796.9742365,1219,1044,250.12248792414576
1752597796.9742365,1218,1044,199.719251464216
1752597796.9863806,1218,1045,253.11873510153586
1752597796.9889429,1217,1045,135.57127157540887
1752597796.9941165,1216,1045,275.0363278688525
1752597797.002646,1215,1046,249.49759086312534
1752597797.0063,1214,1046,62.97942881167602
1752597797.0102968,1214,1047,114.6266568281818
1752597797.0142958,1213,1047,119.56055984721074
1752597797.052856,1213,1048,91.60069012208173
1752597797.0718853,1213,1049,92.08940411891275
1752597797.0769372,1212,1050,335.2725300427155
1752597797.086035,1212,1051,126.30021981992833
1752597797.096307,1212,1052,96.9355427673392
1752597797.0998423,1212,1053,58.947405258240636
1752597797.1086018,1211,1053,73.3937145656891
1752597797.11946,1211,1055,65.56161000390777
1752597797.1360679,1211,1056,110.82555620144797
1752597797.1564078,1211,1057,250.092659948721
1752597797.1693244,1211,1058,361.76505088839053
1752597797.1883452,1212,1058,31.096329356988754
1752597797.2110271,1212,1059,20.572011535971434
1752597797.4761956,1212,1059,39.016418451921375
1752597797.4880278,1211,1059,73.17220564888959
1752597797.4926856,1210,1059,164.96770894788594
1752597797.4967244,1209,1059,25.844131134717067
1752597797.504551,1208,1059,29.873321795118336
1752597797.50785,1206,1059,41.02931710800473
1752597797.5118518,1205,1059,0.7031318195301747
1752597797.5158498,1204,1059,250.29413695360287
1752597797.5208569,1203,1059,1005.7679995204124
1752597797.5287583,1201,1059,499.9766360710454
1752597797.5361345,1200,1059,1475.6552128532896
1752597797.5397704,1199,1059,705.8117088904953
1752597797.5437784,1198,1059,797.4719720511589
1752597797.5596566,1197,1059,708.2557136138176
1752597797.5596566,1196,1059,1051.2124766391285
1752597797.5683806,1195,1059,713.4951105449837
1752597797.5767446,1194,1059,1058.6545781752136
1752597797.5767446,1193,1059,559.7582132079546
1752597797.5876615,1192,1059,555.2183792504901
1752597797.5876615,1191,1059,792.4690111223562
1752597797.5985205,1190,1059,561.9382182324313
1752597797.6027386,1189,1058,250.00321869225726
1752597797.6106563,1188,1058,499.9170441001192
1752597797.6209724,1187,1058,747.5145250400998
1752597797.6209724,1186,1058,250.8555023923445
1752597797.6449635,1185,1057,248.8610418891658
1752597797.6585886,1184,1057,497.8106937273752
1752597797.6738415,1183,1057,561.0641817599472
1752597797.6828647,1182,1057,794.7958916080343
1752597797.6868632,1181,1057,547.7921185853208
1752597797.6896274,1180,1057,784.0900993411398
1752597797.6896274,1179,1057,991.5612293144208
1752597797.7217855,1178,1057,1008.913103614168
1752597797.7703953,1177,1057,1022.1383307494921
1752597797.7960255,1176,1057,1039.0265812275088
1752597797.809692,1175,1057,1060.8635271579328
1752597797.8157537,1175,1056,1787.6680816695682
1752597797.8704746,1174,1055,1952.3548159398047
1752597797.9039493,1174,1054,1414.1474792026993
1752597797.928322,1173,1054,2155.1341579112404
1752597800.772739,1173,1052,2109.653207415194
1752597800.7807295,1173,1050,2864.3042322682168
1752597800.7847066,1173,1046,2016.4317187071913
1752597800.7887068,1173,1044,2688.6825095586864
1752597800.7907398,1173,1041,2236.0167991367725
1752597800.794747,1175,1039,2794.9543635413274
1752597800.7987125,1176,1036,2999.681029858752
1752597800.802706,1178,1034,3334.6639026769167
1752597800.806742,1181,1031,3256.343542330724
1752597800.8107061,1183,1029,3286.9075224348276
1752597800.8147137,1186,1026,3293.9727643029705
1752597800.8187084,1188,1025,3250.4293293591654
1752597800.8227358,1190,1024,3010.43740288531
1752597800.8267262,1193,1023,4396.526944596271
1752597800.8307054,1195,1022,2644.1456986458084
1752597800.8347054,1196,1022,10262.398244693028
1752597800.838706,1198,1022,2632.0351076596444
1752597800.8427193,1201,1022,3683.719113236166
1752597800.8467057,1202,1022,2648.8431294255606
1752597800.850724,1203,1022,3500.0450616916014
1752597800.8547416,1205,1022,3733.669773389093
1752597800.858727,1206,1024,3261.0037835362064
1752597800.8627057,1207,1027,4033.339826608561
1752597800.8667877,1208,1029,2745.3393716048945
1752597800.870395,1210,1031,2737.633893075417
1752597800.874429,1210,1035,2505.2586309879343
1752597800.8783937,1210,1039,2308.769012800847
1752597800.8824275,1209,1043,2494.8275041636925
1752597800.8863957,1208,1047,2791.2943042557376
1752597800.890395,1205,1050,2612.913619640167
1752597800.8944287,1201,1056,2000.025749538058
1752597800.8984292,1196,1062,2263.6055847446405
1752597800.9024293,1192,1066,1454.635392634106
1752597800.9067073,1186,1073,1503.3347670250896
1752597800.9107294,1180,1079,1117.5820855933364
1752597800.91471,1171,1086,1118.4483766381586
1752597800.9187083,1163,1085,797.4240268835973
1752597800.921707,1155,1086,1118.5150700416552
1752597800.926707,1144,1088,555.9424340426366
1752597800.9307072,1133,1086,249.06793349168646
1752597800.9347076,1121,1086,504.63863321903386
1752597800.9387085,1108,1089,249.83940910173934
1752597800.9427125,1095,1088,498.96550083273854
1752597800.9467142,1082,1086,558.824337859696
1752597800.9507072,1069,1088,1026.8114486373743
1752597800.9547067,1056,1088,1342.9465658614351
1752597800.9587066,1044,1089,2034.385749170954
1752597800.9617412,1031,1086,2610.2658173312802
1752597800.9667156,1018,1088,2795.1209579481665
1752597800.9677093,1008,1086,3344.774915227988
1752597800.9727066,995,1088,4582.893059492919
1752597800.9757416,984,1090,4375.09568092258
1752597800.9807072,971,1092,4506.728494720382
1752597800.984707,957,1092,3036.4750041690486
1752597800.9887335,942,1093,3701.6232170250564
1752597800.9927318,929,1094,4807.563029099865
1752597800.9967065,913,1095,5070.642012179121
1752597801.0007298,902,1094,5384.326419493371
1752597801.0047479,891,1094,5498.199215281446
1752597801.0087395,881,1094,9845.823089454425
1752597801.0127327,872,1096,5425.2118876712875
1752597801.016741,862,1096,5442.307355646197
1752597801.0207465,852,1101,5468.699904851873
1752597801.0247421,842,1104,5906.6250272151065
1752597801.028742,834,1104,5261.279646145492
1752597801.0327425,825,1103,4813.594742781972
1752597801.036751,822,1098,3397.3738780771264
1752597801.0407422,816,1098,3872.977836806134
1752597801.0447438,812,1096,3015.110041681502
1752597801.0487423,808,1094,3178.6111588949984
1752597801.052708,805,1093,1794.6689772602756
1752597801.0567062,803,1089,1960.2992912844225
1752597801.0607283,802,1087,1026.4457750445547
1752597801.0647433,802,1086,1055.0913880482758
1752597801.0687065,802,1084,805.4739065725671
1752597801.072709,802,1083,999.8340882002384
1752597801.0767174,802,1081,353.5368698006748
1752597801.0807188,804,1080,1250.3141954331365
1752597801.0847342,808,1081,790.4853590294341
1752597801.0887442,813,1079,1265.1939151644742
1752597801.0927072,821,1078,2067.8654092969814
1752597801.0967069,831,1075,3331.928979303599
1752597801.1007068,841,1070,2446.699133241903
1752597801.104718,853,1064,4096.058365218061
1752597801.1087236,869,1055,4278.312270269576
1752597801.112722,884,1046,5750.52124387432
1752597801.116722,899,1036,5711.26588123853
1752597801.120742,909,1029,7286.57616965195
1752597801.1247308,922,1022,7605.5031305412585
1752597801.1287265,937,1010,7248.797139451728
1752597801.1327198,954,999,7231.128708162416
1752597801.1367376,972,987,8465.353878773401
1752597801.1407306,991,976,8466.801401175562
1752597801.1427338,1008,966,11055.274121405751
1752597801.1467214,1026,954,5825.14324026627
1752597801.1507554,1045,943,7210.125429756965
1752597801.1547112,1063,931,6059.459880934236
1752597801.158707,1082,917,5241.643353627294
1752597801.1627164,1100,906,4882.705954124904
1752597801.166707,1115,894,4069.7575455387364
1752597801.1707106,1126,886,3850.568185997765
1752597801.1747272,1137,875,2631.4415811279105
1752597801.178721,1145,866,1811.8432343825334
1752597801.1827252,1154,857,1033.6237175273836
1752597801.1867433,1158,851,1561.3365319782079
1752597801.1907275,1163,845,83.41146874285316
1752597801.1947443,1164,841,792.3743257754271
1752597801.1977415,1165,838,1676.3731283900045
1752597801.2027075,1165,834,2117.600253205714
1752597801.2067082,1165,830,3192.191056354964
1752597801.2107084,1164,829,3335.4589587424057
1752597801.2147074,1161,825,4269.257694186359
1752597801.2187078,1158,824,5218.043297372445
1752597801.222738,1153,823,6306.218394938725
1752597801.2267258,1145,821,8019.925545369844
1752597801.229742,1135,820,6173.698489183313
1752597801.2347143,1123,818,5909.398846971758
1752597801.2387407,1107,814,7282.808187716614
1752597801.242721,1090,813,7598.004191746877
1752597801.2467358,1067,811,9886.61178073128
1752597801.250763,1044,811,10264.865739939622
1752597801.2547429,1015,811,14900.89224993765
1752597801.258707,985,808,8281.75792070189
1752597801.2627077,956,808,12657.35958503667
1752597801.2667181,927,808,10745.48919658586
1752597801.2707415,893,806,11881.864391961306
1752597801.2747571,859,806,13422.171318485869
1752597801.2777421,826,806,6516.739264634586
1752597801.2827206,797,806,10769.184476416223
1752597801.2867427,768,806,9921.129788679205
1752597801.2907069,744,807,9345.170018281535
1752597801.2947314,723,809,9192.857065585511
1752597801.298708,704,813,8058.9883216281105
1752597801.302708,688,816,5993.373706153217
1752597801.3067396,673,820,5153.334053862166
1752597801.310707,663,823,4505.6543132176475
1752597801.3147252,656,825,3120.266750096347
1752597801.3187141,652,826,2044.0350355121632
1752597801.3207395,649,827,1274.46742994698
1752597801.344717,651,827,790.2498712556527
1752597801.348708,654,826,115.38662998624484
1752597801.3527095,660,823,1750.5442404006678
1752597801.3567443,668,820,1750.0225308458007
1752597801.3607068,680,816,3025.2838853158623
1752597801.3647068,693,813,3967.651886011588
1752597801.3687093,709,807,3999.0980275311363
1752597801.372711,729,801,4745.818008575512
1752597801.3767226,753,793,5750.75958271237
1752597801.3807068,783,782,7005.100626304802
1752597801.384714,807,776,6497.3727359389895
1752597801.3887362,830,770,7004.265044432516
1752597801.3927348,858,762,10299.411455620619
1752597801.3967311,887,753,9083.80068945667
1752597801.4007325,925,742,9582.007312911099
1752597801.4047077,964,730,11039.644214649023
1752597801.4077425,1007,716,9975.771389166903
1752597801.4127064,1046,703,8533.62303032658
1752597801.4167295,1094,686,9268.349737219303
1752597801.4207387,1134,670,10267.742506342724
1752597801.4247086,1178,653,9626.228547718501
1752597801.4277487,1217,641,9250.670481640438
1752597801.4327068,1247,629,9518.136949051674
1752597801.4367073,1287,613,8078.332722182931
1752597801.4403415,1321,601,6966.3599647682395
1752597801.4445148,1357,586,7053.263434838096
1752597801.4484744,1391,573,5616.449740664807
1752597801.4524393,1421,562,4982.1697361236
1752597801.4564714,1443,552,4387.700350602506
1752597801.4604719,1462,544,4410.812926006071
1752597801.464473,1479,538,3880.862321207665
1752597801.4684372,1491,535,3090.3428195051206
1752597801.4724715,1499,533,3043.77895632068
1752597801.4764724,1504,532,2999.8598164262726
1752597801.480474,1507,531,2230.221907125133
1752597801.5064735,1504,531,1749.3968897098255
1752597801.5104723,1497,531,1501.1825340014316
1752597801.5144722,1490,531,750.0543633762518
1752597801.5184388,1478,531,450.72657775642915
1752597801.5224714,1462,531,279.45379643929795
1752597801.5264723,1446,531,71.43374889297635
1752597801.5304759,1427,531,124.98298519026193
1752597801.5344753,1404,531,176.7947781441901
1752597801.5384724,1376,531,900.3797414196065
1752597801.542474,1350,531,1250.761615077235
1752597801.5464716,1322,531,2151.634997725443
1752597801.5504713,1281,535,2704.5206802176535
1752597801.5544724,1245,540,3363.248847010219
1752597801.5584724,1208,550,3553.2133471001566
1752597801.5624714,1165,560,4257.147654795004
1752597801.566437,1127,571,6021.23370388732
1752597801.5704453,1094,580,5302.420978708929
1752597801.5744374,1059,592,6618.30397762082
1752597801.5784411,1020,605,6137.475665007505
1752597801.582439,985,621,8140.485525067467
1752597801.5864387,950,633,9452.340991139366
1752597801.5904393,915,648,9177.384596371976
1752597801.594439,885,660,8976.204083212115
1752597801.5984378,859,670,8824.976241583821
1752597801.6024404,833,681,7777.3475912358235
1752597801.6064415,812,689,8020.601149436406
1752597801.6104407,793,695,7894.43438978235
1752597801.6144793,776,700,7844.200242446855
1752597801.6184387,759,704,7370.3087010819145
1752597801.622439,744,708,7138.283083180528
1752597801.6264415,732,711,6105.539925501679
1752597801.6304383,720,713,5158.568030853969
1752597801.6344385,708,713,5962.796168878316
1752597801.638474,699,713,5200.370167074915
1752597801.6424754,692,713,5271.310086936475
1752597801.6464722,686,713,5621.139047461641
1752597801.650472,683,713,5203.780855832238
1752597801.6584713,680,711,5270.9960567871285
1752597801.666473,679,709,5205.022215769221
1752597801.680472,679,708,5455.875703283163
1752597801.688473,679,707,4989.318708846674
1752597801.6964722,680,706,5230.914744622014
1752597801.7004766,683,704,5274.766889783518
1752597801.7044742,687,701,5203.470608359763
1752597801.7084723,694,696,5349.345972865856
1752597801.7124717,703,690,5694.162464958045
1752597801.716472,713,681,4640.78844605828
1752597801.7204719,724,672,4557.946614239531
1752597801.724472,737,661,4257.908992676636
1752597801.7284718,755,645,4773.175208832354
1752597801.7324724,770,630,3749.4174149821406
1752597801.7364385,790,613,7653.731098729963
1752597801.7404726,808,596,2259.968945997282
1752597801.744472,832,574,2267.253946181371
1752597801.7484713,862,551,2016.0710619876943
1752597801.7524376,891,529,1579.9349421268464
1752597801.756462,918,505,2001.218584123576
1752597801.7604716,944,481,1677.0725747689
1752597801.764472,966,459,1030.8511217185655
1752597801.7684402,989,437,1127.2534690263556
1752597801.772472,1011,414,554.3978756457574
1752597801.7764382,1033,392,790.5324734268015
1752597801.7804723,1053,370,564.0674121789426
1752597801.7844396,1072,349,499.79790276453764
1752597801.788438,1086,329,495.7806146572104
1752597801.792472,1098,312,250.04793132228448
1752597801.7964723,1111,292,353.5579425115171
1752597801.8004737,1123,275,356.49026993904215
1752597801.8044755,1134,257,894.0982698878864
1752597801.8084733,1146,238,790.2969575853467
1752597801.812472,1158,221,558.524825053554
1752597801.8164742,1169,203,790.0615820320988
1752597801.820472,1181,186,560.0256083059221
1752597801.8244371,1193,168,558.6911814081895
1752597801.8284955,1204,151,901.8294553571299
1752597801.8324735,1216,134,1030.6053884356768
1752597801.8364727,1227,116,790.6738503221982
1752597801.8404717,1239,99,1114.726197456383
1752597801.8444724,1252,82,1525.255886404014
1752597801.8484771,1266,64,1457.5829820821994
1752597801.8524387,1279,51,1690.575412299335
1752597801.8564723,1292,38,1804.196866724375
1752597801.8604717,1303,25,1951.656923244205
1752597801.8644743,1317,12,1788.0908231609474
1752597801.8684392,1327,1,2496.181989335701
1752597801.8704717,1338,-10,2103.1704059268604
1752597801.8744786,1347,-9,2657.887517313633
1752597801.8784726,1356,-8,2850.4752614859717
1752597801.8824716,1364,-7,2817.794995282802
1752597801.8864746,1370,-5,3064.965750212794
1752597801.8904722,1378,-5,3403.4543706402046
1752597801.8944721,1384,-2,3716.5650361299995
1752597801.8984718,1388,-3,3909.0537326782855
1752597801.902439,1392,-1,3996.638686055974
1752597801.9064724,1394,-2,3788.654979456631
1752597801.9104726,1397,-1,3498.376884122729
1752597801.9144368,1399,0,6955.728026533997
1752597801.9184384,1401,0,3036.600180995475
1752597801.9224725,1403,0,2229.9584120982986
1752597801.9264717,1404,0,2498.9895138226884
1752597801.9304717,1405,1,2263.2009359093267
1752597801.9344387,1406,2,2061.333621544866
1752597801.9384713,1409,4,2035.4878662926383
1752597801.9424727,1410,7,1195.7974806787963
1752597801.9464762,1411,9,1336.9054922298596
1752597801.9504788,1412,12,1035.666452147003
1752597801.9544716,1413,14,1021.775977426922
1752597801.958474,1414,16,946.337205091851
1752597801.962472,1416,19,317.200085642552
1752597801.9664726,1417,23,353.68443154944384
1752597801.970472,1418,26,356.3403581350308
1752597801.974484,1420,30,58.84915373450525
1752597801.978472,1421,36,50.56726740819187
1752597801.9824724,1424,41,83.2913795500129
1752597801.9864404,1427,47,83.15102493953451
1752597801.9904373,1431,53,356.6617522407385
1752597801.9944391,1436,59,249.9883180355227
1752597801.998472,1440,65,353.36837850087704
1752597802.0024378,1447,72,353.57901773460435
1752597802.0064723,1453,78,249.02357062281067
1752597802.0104718,1461,85,251.08075426519005
1752597802.0144718,1470,92,783.4812356993842
1752597802.0184395,1480,97,500.2449758482915
1752597802.0224752,1492,100,563.5928647496712
1752597802.0264716,1505,104,500.21514609421587
1752597802.0304716,1519,109,499.5002977253781
1752597802.034443,1534,113,749.9649541065681
1752597802.0384774,1550,115,559.0908412697037
1752597802.0424716,1565,117,444.948178008805
1752597802.0464735,1579,117,991.6784489892423
1752597802.0484862,1593,117,1017.08865599898
1752597802.052438,1605,117,1010.3104901842707
1752597802.056474,1614,117,500.5733381071727
1752597802.0604756,1624,117,1189.0301913536498
1752597802.0644767,1633,116,748.0922711058264
1752597802.0684772,1641,114,499.9766360710454
1752597802.072438,1649,113,742.8806234502302
1752597802.076702,1654,112,504.8512277323062
1752597802.0807302,1659,110,500.2748091603053
1752597802.0847113,1663,109,495.6341506646972
1752597802.0887465,1667,108,756.3209713289656
1752597802.0917354,1669,106,500.15549725733365
1752597802.0961938,1670,105,499.79790276453764
1752597802.1001923,1671,104,500.21514609421587
1752597802.104161,1672,103,249.89895138226882
1752597802.1281922,1673,102,249.94362672069602
1752597802.1561592,1674,101,250.06283908662732
1752597802.1681652,1674,100,247.94892409553086
1752597802.1801915,1675,100,62.5035988376425
1752597802.1841567,1676,99,177.487779817945
1752597802.1881568,1677,99,117.84796458617055
1752597802.192159,1678,98,353.7688078675805
1752597802.1961586,1679,97,124.45636627993234
1752597802.2001743,1680,97,353.34732838003947
1752597802.204157,1681,97,356.68319912902723
1752597802.2081933,1684,96,356.1905723602788
1752597802.2121913,1686,96,176.62105769163063
1752597802.2161589,1688,95,350.4248597811616
1752597802.2201571,1690,95,350.0526173806859
1752597802.2221591,1691,95,360.10451684772477
1752597802.2261593,1694,95,261.22969606377677
1752597802.2301588,1696,94,354.0010504604752
1752597802.2346537,1698,94,237.73161803197155
1752597802.2386873,1702,94,247.9049589219221
1752597802.242741,1706,93,250.03302533532042
1752597802.2467003,1710,93,249.89895138226882
1752597802.2506957,1712,93,356.74755527249187
1752597802.2540598,1716,93,124.4637526336093
1752597802.25807,1719,93,244.26672878690815
1752597802.2620702,1721,93,250.00321869225726
1752597802.2661085,1724,93,125.02769249113184
1752597802.27007,1726,93,353.5157996016284
1752597802.2740679,1728,93,58.81047126291732
1752597802.278103,1730,93,142.20872041771207
1752597802.2820697,1733,93,41.72730980829113
1752597802.2860684,1735,93,124.48961177727651
1752597802.29007,1737,93,251.84964573075538
1752597802.2940683,1739,93,336.6616494418368
1752597802.29807,1740,93,127.30844412068232
1752597802.3020709,1741,93,249.86917669486476
1752597802.3060699,1742,93,247.5830234342719
1752597802.310103,1743,93,124.69316526444095
1752597802.326102,1744,93,83.24509278555125
1752597802.33407,1745,94,83.34102966598446
1752597802.3460703,1746,95,83.34434177844014
1752597802.3500679,1747,96,45.769857811630416
1752597802.3581028,1747,97,8.308513925755715
1752597802.3621051,1748,98,21.739015958411727
1752597802.36607,1749,99,22.72731903180185
1752597802.3700404,1750,100,0.0
1752597802.3780475,1751,101,42.737095229361536
1752597802.3820832,1752,102,81.39222230846852
1752597802.3861232,1753,103,124.44898080289589
1752597802.3900504,1754,104,0.2916903349424979
1752597802.3938785,1754,105,81.21728017349884
1752597802.3978734,1755,106,90.5486496405518
1752597802.4038222,1756,107,0.0
1752597802.407856,1756,108,1.333605963696424
1752597802.4118555,1757,108,2795.4542063485183
1752597802.415857,1757,109,1676.77274057794
1752597802.4198213,1758,110,2136.155763292817
1752597802.4278557,1758,111,2358.2445198229657
1752597802.4319496,1759,111,1952.7039494905807
1752597802.4359496,1759,112,2334.4533804194416
1752597802.4439478,1759,113,1804.6274626352877
1752597802.4479482,1760,114,2457.0383579270997
1752597802.464952,1761,114,1665.0457623874165
1752597802.471984,1761,115,2148.707823779848
1752597802.495949,1761,116,2341.198292389743
1752597802.5039818,1762,116,2585.147845300759
1752597802.5079525,1762,117,2554.567360480204
1752597802.5121531,1763,118,2538.6477466841084
1752597802.520008,1763,119,3037.5164755582377
1752597802.5240102,1763,120,2975.0353469677266
1752597802.5280492,1763,121,2249.8948623197043
1752597802.536069,1763,122,2521.0699044298854
1752597802.5480816,1763,123,2248.9565683646115
1752597802.5600805,1763,124,2351.9901306566476
1752597802.572079,1763,125,2624.9034142271053
1752597802.5939274,1763,126,1749.918226248659
1752597802.7142859,1763,127,2031.0170086556504
1752597802.760286,1763,128,1734.4120982986767
1752597802.804286,1763,129,1752.8434626865671
1752597802.946737,1763,129,1764.2187237110925
1752597802.970136,1762,129,2015.7105342584405
1752597802.982422,1761,129,1752.9527754346364
1752597802.9904575,1760,129,2225.8808264623895
1752597806.4187508,1760,130,2145.748702772307
1752597806.4310634,1760,131,3018.461468685623
1752597806.4421072,1759,131,2796.787994960124
1752597806.4461079,1759,131,2705.1677610321426
1752597811.4762323,1765,134,3897.0308166395057
1752597811.4802318,1775,139,3137.3249001344648
1752597811.4842324,1781,142,2857.799896136617
1752597811.4882321,1789,145,2960.1066746816796
1752597811.4922326,1797,150,2798.5968786253598
1752597811.4962323,1803,155,2248.2177861432597
1752597811.5002735,1811,160,3368.337082064578
1752597811.5042694,1817,164,4255.631903514807
1752597811.5082984,1824,171,2120.8420004227596
1752597811.5126293,1828,177,2454.4240237991403
1752597811.5166056,1831,185,1797.7624984407646
1752597811.5205436,1833,194,1957.9559773267576
1752597811.5245821,1836,204,1412.968461533045
1752597811.5285742,1838,214,1564.2545497802766
1752597811.5325913,1840,224,1751.3350476993296
1752597811.536542,1840,236,2343.0237327161026
1752597811.5405755,1840,248,1968.3086857329797
1752597811.5445757,1840,257,2500.628390866273
1752597811.5485423,1840,267,1883.6095015047147
1752597811.552544,1840,276,4357.879787226248
1752597811.5567958,1840,286,4099.868908440017
1752597811.5602245,1840,295,3945.6074009861
1752597811.5642247,1840,302,3959.5061911621215
1752597811.5681636,1840,310,3735.7971616887357
1752597811.5721996,1840,317,3933.4382678395236
1752597811.576193,1840,324,4548.203950942469
1752597811.5801609,1840,331,4374.052376837467
1752597811.5841606,1839,339,3689.713800097068
1752597811.5881944,1838,346,3260.8093405224604
1752597811.5922127,1834,354,2913.950298624714
1752597811.5961945,1831,362,3252.174161994513
1752597811.6001976,1826,373,3017.922233027548
1752597811.604195,1821,383,2610.732686552767
1752597811.6087074,1814,393,2684.9353095065053
1752597811.6120532,1807,404,2616.817219526088
1752597811.615944,1800,414,2542.1179058528787
1752597811.6199336,1793,423,2521.9716116530954
1752597811.6240573,1786,433,750.0096560767718
1752597811.6281314,1779,442,749.2950634192819
1752597811.6331637,1771,450,1400.301807602423
1752597811.6361027,1764,457,3002.6038816417436
1752597811.6380966,1758,463,2993.2588760035683
1752597811.6420975,1752,469,3509.0388430739813
1752597811.6461308,1745,476,3998.8597306638067
1752597811.650142,1739,480,4249.041654251832
1752597811.654131,1733,485,3998.1450104259757
1752597811.6581345,1729,489,4747.797199880846
1752597811.662423,1723,492,4509.685136543124
1752597811.6665404,1717,496,4281.662679711917
1752597811.6705668,1709,501,4854.763195758526
1752597811.6745348,1703,506,4315.467463434342
1752597811.6785338,1695,512,9711.263130079808
1752597811.6835423,1687,517,4832.007393428817
1752597811.6865342,1676,524,4091.9392884828526
1752597811.6905346,1663,534,4362.793028531055
1752597811.694542,1650,543,3644.6638850619283
1752597811.6985352,1637,552,3102.9883732949966
1752597811.7025504,1625,561,4778.269745145151
1752597811.7065701,1612,570,3191.892920084547
1752597811.7105339,1597,580,4110.337129920136
1752597811.714533,1582,589,2862.2703473134866
1752597811.7185347,1569,596,3092.7377200507876
1752597811.7225332,1558,603,3641.6212318484
1752597811.7265353,1548,609,3041.420422230428
1752597811.7305326,1536,614,3966.552132899304
1752597811.7345364,1525,619,2739.0388976700165
1752597811.7385354,1515,622,3043.234354610836
1752597811.7425468,1505,626,3962.5065360275257
1752597811.7465365,1495,629,3569.4076311925155
1752597811.7505481,1485,631,3040.514266700029
1752597811.754533,1475,632,2121.871806546264
1752597811.758533,1472,632,2710.613007461371
1752597811.7625368,1469,632,3095.6176886647395
1752597811.7675357,1462,632,2498.245279647388
1752597811.770533,1453,632,2232.0681173131507
1752597811.774542,1441,632,2500.777486286668
1752597811.7785318,1427,632,2249.2245724840614
1752597811.782533,1411,632,2515.92825865275
1752597811.7865338,1394,632,2256.4849064498776
1752597811.7905357,1378,632,1389.0395041869708
1752597811.7945375,1359,632,2025.0924599662026
1752597811.798535,1341,633,1165.4729354229187
1752597811.802533,1324,635,1007.5195772279606
1752597811.8065324,1305,639,750.2332458860005
1752597811.8105326,1288,642,742.8806234502302
1752597811.812532,1269,646,250.33148313936138
1752597811.8165503,1250,650,62.378108268887566
1752597811.8205807,1234,654,120.98230846061968
1752597811.8245375,1217,657,179.37708967931906
1752597811.8285325,1203,661,695.4674172254336
1752597811.8335354,1188,665,353.49473191392866
1752597811.8365319,1174,668,563.5251374331117
1752597811.8407931,1161,672,349.8667925867478
1752597811.8438025,1149,675,559.7582132079546
1752597811.8488047,1136,681,902.3137313176438
1752597811.8528042,1124,684,901.7756790032029
1752597811.8568025,1110,688,563.5251374331117
1752597811.8608024,1098,690,944.2783127910409
1752597811.8638382,1086,691,1430.3414461337927
1752597811.868804,1073,695,903.175951796686
1752597811.8728015,1061,697,926.4137550161548
1752597811.8758404,1049,698,721.2657097764921
1752597811.8798025,1035,700,1864.1236962651549
1752597811.8838036,1023,702,901.1845621169008
1752597811.8885164,1013,702,726.1838241000581
1752597811.8925745,1002,702,1885.155443036937
1752597811.896451,990,702,1562.3121640907088
1752597811.9004538,980,702,1864.270166265647
1752597811.904486,971,702,1569.7988047083566
1752597811.9084847,961,702,2410.580718400209
1752597811.912486,952,702,2340.352900264353
1752597811.9164608,942,702,2647.639649470407
1752597811.9204493,933,702,1999.1916110581506
1752597811.9254887,926,702,2611.2842930772404
1752597811.9284515,920,702,2358.5256480961757
1752597811.9327416,915,702,2358.8068434044435
1752597811.9367118,911,702,2848.098592219055
1752597811.9407105,908,702,2236.896753276317
1752597811.9447489,905,702,1952.3548159398047
1752597811.9527383,903,702,1952.8203550911464
1752597811.9687696,902,702,1582.007852952633
1752597811.980459,901,703,1210.1979340989094
1752597811.988343,900,704,1113.6108751062022
1752597811.9903765,899,705,726.8094282624983
1752597811.9943771,898,706,359.5152191960557
1752597811.9983451,897,708,247.87565746705278
1752597812.0023873,896,709,8.46891020657878
1752597812.006382,895,711,0.0
1752597812.010378,893,714,247.83171826991256
1752597812.0143762,890,716,249.349265798704
1752597812.0183442,889,718,458.254141031808
1752597812.0228372,886,721,205.03025859119128
1752597812.0259638,884,725,465.9211060808831
1752597812.0299559,881,727,284.8053777075778
1752597812.0338478,879,730,500.12567817325464
1752597812.0388467,876,732,499.9766360710454
1752597812.0418813,872,736,466.21406912801405
1752597812.0458822,870,739,201.3588094095055
1752597812.0508473,867,741,762.138824954573
1752597812.053848,863,745,552.6338378586577
1752597812.0588472,857,750,502.52249445875515
1752597812.0618815,853,754,816.62072645948
1752597812.0668569,847,759,554.4962080110724
1752597812.0698483,841,763,499.9766360710454
1752597812.0743904,833,770,499.946838309792
1752597812.078279,824,775,753.6031622447147
1752597812.083281,816,781,250.91553003110792
1752597812.086272,810,786,248.00756859035005
1752597812.090272,802,791,499.5002977253781
1752597812.0942714,794,796,125.45776501555396
1752597812.0982747,785,803,251.39678734116518
1752597812.1022732,777,807,
1752597812.1062737,771,812,
1752597812.1102731,765,817,
1752597812.114271,759,819,
1752597812.1184025,755,822,
1752597812.1228924,751,825,
1752597812.125969,749,826,
1752597812.1299026,748,827,
1752597812.133937,747,827,
1752597812.2520158,746,827,
1752597812.2607715,746,827,
1752597812.2648065,746,826,
1752597812.268817,746,825,
1752597812.271903,747,824,
1752597812.2767804,747,823,
1752597812.2798157,748,822,
1752597812.2847812,749,821,
1752597812.2887802,749,819,
1752597812.2927804,749,817,
1752597812.2958138,750,816,
1752597812.30078,750,815,
1752597812.3047163,750,812,
1752597812.3087626,751,810,
1752597812.3127425,751,808,
1752597812.3166149,752,805,
1752597812.3206475,753,803,
1752597812.3246477,753,801,
1752597812.328648,753,799,
1752597812.332629,753,796,
1752597812.3366144,753,795,
1752597812.3406465,753,794,
1752597812.3426485,753,793,
1752597812.3506193,753,792,
1752597812.354597,753,791,

Summary Metrics
Average Speed,1858.8811507146836
Average Jerkiness (radians),0.2296628921003665
Idle Periods (>2s),0
Micro Movements (<3px),471
