frame,left_shoulder_x,left_shoulder_y,right_shoulder_x,right_shoulder_y,nose_x,nose_y,shoulder_diff,head_forward,posture
1,0.7804082632064819,0.8583745360374451,0.27280765771865845,0.823891282081604,0.5385568141937256,0.5581210851669312,0.034483253955841064,0.011948853731155396,Good
2,0.774198055267334,0.8582810759544373,0.27045196294784546,0.8244137167930603,0.544231653213501,0.5627976655960083,0.03386735916137695,0.021906644105911255,Good
3,0.7686324119567871,0.853949785232544,0.2711936831474304,0.8221883773803711,0.5466271638870239,0.566227376461029,0.03176140785217285,0.02671411633491516,Good
4,0.7674068808555603,0.8534255623817444,0.2724984288215637,0.8201108574867249,0.5478566288948059,0.56863933801651,0.03331470489501953,0.027903974056243896,Good
5,0.7653571367263794,0.8544016480445862,0.2737228274345398,0.817726194858551,0.5482312440872192,0.5695047974586487,0.036675453186035156,0.028691262006759644,Good
6,0.7605312466621399,0.8541130423545837,0.2737230658531189,0.8187265992164612,0.5510188341140747,0.5707456469535828,0.03538644313812256,0.03389167785644531,Good
7,0.7595711946487427,0.8546832203865051,0.2735455632209778,0.818744957447052,0.5517374873161316,0.5718845129013062,0.035938262939453125,0.03517910838127136,Good
8,0.7592262029647827,0.8544504642486572,0.27371153235435486,0.8190903067588806,0.5526564717292786,0.5726931095123291,0.03536015748977661,0.03618760406970978,Good
9,0.7578465342521667,0.8554660081863403,0.27322617173194885,0.8203787207603455,0.5531480312347412,0.573634147644043,0.03508728742599487,0.03761167824268341,Good
10,0.756569504737854,0.8541988730430603,0.2732487916946411,0.8205745220184326,0.5555000305175781,0.5747649073600769,0.033624351024627686,0.040590882301330566,Good
11,0.7565344572067261,0.8479382991790771,0.2732636034488678,0.8211372494697571,0.5573868751525879,0.5766324400901794,0.02680104970932007,0.042487844824790955,Good
12,0.7564111948013306,0.8408182263374329,0.2730562090873718,0.8224568963050842,0.5649847388267517,0.5763408541679382,0.018361330032348633,0.05025103688240051,Bad - Forward Head
13,0.755036473274231,0.8380082249641418,0.2750428020954132,0.8223161697387695,0.5680986046791077,0.5763532519340515,0.015692055225372314,0.053058966994285583,Bad - Forward Head
14,0.7548524141311646,0.8373997807502747,0.27504462003707886,0.8254721760749817,0.571619987487793,0.5757371187210083,0.011927604675292969,0.056671470403671265,Bad - Forward Head
15,0.7561602592468262,0.8368009328842163,0.27479466795921326,0.8284680843353271,0.5769480466842651,0.5744826197624207,0.00833284854888916,0.06147058308124542,Bad - Forward Head
16,0.7565516233444214,0.8361381888389587,0.2748717665672302,0.8287962079048157,0.5785982608795166,0.5733433365821838,0.007341980934143066,0.0628865659236908,Bad - Forward Head
17,0.7569675445556641,0.8307111263275146,0.27486711740493774,0.8295143842697144,0.5801798105239868,0.5727476477622986,0.001196742057800293,0.06426247954368591,Bad - Forward Head
18,0.7580249309539795,0.8306342959403992,0.2751489281654358,0.8294292092323303,0.5811746716499329,0.5720266699790955,0.0012050867080688477,0.06458774209022522,Bad - Forward Head
19,0.7581838369369507,0.8291203379631042,0.27536964416503906,0.829211413860321,0.5860595703125,0.5722659230232239,9.107589721679688e-05,0.06928282976150513,Bad - Forward Head
20,0.7580762505531311,0.8284311890602112,0.2734565734863281,0.8346401453018188,0.5914300084114075,0.5726202726364136,0.006208956241607666,0.07566359639167786,Bad - Forward Head
21,0.7547768950462341,0.8276967406272888,0.27346161007881165,0.8351699709892273,0.5971329808235168,0.572721540927887,0.0074732303619384766,0.08301372826099396,Bad - Forward Head
22,0.7543452382087708,0.8296756744384766,0.27241694927215576,0.8383039236068726,0.5997277498245239,0.5733519196510315,0.008628249168395996,0.08634665608406067,Bad - Forward Head
23,0.754325807094574,0.8370193243026733,0.263134628534317,0.848262369632721,0.5993496775627136,0.5740755796432495,0.011243045330047607,0.09061945974826813,Bad - Forward Head
24,0.754359245300293,0.8372407555580139,0.262625128030777,0.8493914008140564,0.5986453890800476,0.5743888020515442,0.01215064525604248,0.09015320241451263,Bad - Forward Head
25,0.7540183663368225,0.8331647515296936,0.26285862922668457,0.8474735021591187,0.5982695817947388,0.5743729472160339,0.014308750629425049,0.08983108401298523,Bad - Forward Head
26,0.7544263601303101,0.8318744897842407,0.2642805278301239,0.8459069132804871,0.5978014469146729,0.5743826031684875,0.014032423496246338,0.08844800293445587,Bad - Forward Head
27,0.7544527053833008,0.8314518332481384,0.2636389434337616,0.8471653461456299,0.5965142846107483,0.5743638277053833,0.015713512897491455,0.0874684602022171,Bad - Forward Head
28,0.7544339895248413,0.833048403263092,0.2644449472427368,0.8433687090873718,0.5955386757850647,0.5740805864334106,0.010320305824279785,0.08609920740127563,Bad - Forward Head
29,0.7541358470916748,0.8339141011238098,0.26454442739486694,0.8431441783905029,0.5941070318222046,0.5740015506744385,0.009230077266693115,0.08476689457893372,Bad - Forward Head
30,0.7545684576034546,0.833999514579773,0.26462501287460327,0.8433786630630493,0.5916694402694702,0.5737062692642212,0.009379148483276367,0.08207270503044128,Bad - Forward Head
31,0.754677414894104,0.8345506191253662,0.2640518844127655,0.8435920476913452,0.5904828906059265,0.5732803344726562,0.009041428565979004,0.08111824095249176,Bad - Forward Head
32,0.7553302049636841,0.8345590829849243,0.26410001516342163,0.844159722328186,0.5902642011642456,0.5732900500297546,0.009600639343261719,0.08054909110069275,Bad - Forward Head
33,0.755661129951477,0.8347036242485046,0.26244068145751953,0.8441726565361023,0.5901825428009033,0.5739746689796448,0.009469032287597656,0.08113163709640503,Bad - Forward Head
34,0.7546623945236206,0.8359501957893372,0.26148322224617004,0.8466542959213257,0.5913373231887817,0.5744718313217163,0.010704100131988525,0.08326451480388641,Bad - Forward Head
35,0.7537112236022949,0.8364499807357788,0.26135948300361633,0.8460246324539185,0.59129798412323,0.574834406375885,0.009574651718139648,0.08376263082027435,Bad - Forward Head
36,0.7534024119377136,0.8354688286781311,0.2612248361110687,0.8455682992935181,0.5911057591438293,0.5751315951347351,0.010099470615386963,0.08379213511943817,Bad - Forward Head
37,0.7496580481529236,0.834625780582428,0.2609967291355133,0.8455655574798584,0.5910915732383728,0.5757272243499756,0.01093977689743042,0.08576418459415436,Bad - Forward Head
38,0.7482364773750305,0.8331777453422546,0.25959205627441406,0.8468965888023376,0.5910822749137878,0.5762272477149963,0.013718843460083008,0.08716800808906555,Bad - Forward Head
39,0.7456308603286743,0.8328341841697693,0.25821948051452637,0.8480573892593384,0.590975284576416,0.5768244862556458,0.015223205089569092,0.08905011415481567,Bad - Forward Head
40,0.7434502840042114,0.8330472111701965,0.2581530213356018,0.8482537865638733,0.5909438729286194,0.5770568251609802,0.015206575393676758,0.09014222025871277,Bad - Forward Head
41,0.7422066926956177,0.8326415419578552,0.257609486579895,0.8483921885490417,0.5907605290412903,0.5768949389457703,0.015750646591186523,0.09085243940353394,Bad - Forward Head
42,0.7393655180931091,0.8309640884399414,0.25745412707328796,0.8480657339096069,0.5898531079292297,0.5766985416412354,0.017101645469665527,0.09144328534603119,Bad - Forward Head
43,0.7389023900032043,0.8309085369110107,0.2557719945907593,0.8487308025360107,0.5896392464637756,0.5757503509521484,0.017822265625,0.09230205416679382,Bad - Forward Head
44,0.7381848692893982,0.8306154608726501,0.2558163106441498,0.8482279181480408,0.5886699557304382,0.5755433440208435,0.017612457275390625,0.09166936576366425,Bad - Forward Head
45,0.7382299304008484,0.8297936320304871,0.25561821460723877,0.8484960794448853,0.5884953737258911,0.5754661560058594,0.018702447414398193,0.09157130122184753,Bad - Forward Head
46,0.7382939457893372,0.8300265669822693,0.2554919123649597,0.84848952293396,0.586872935295105,0.5753873586654663,0.018462955951690674,0.08998000621795654,Bad - Forward Head
47,0.7383346557617188,0.8308305144309998,0.2558007836341858,0.8482264280319214,0.5868604183197021,0.5764138102531433,0.01739591360092163,0.08979269862174988,Bad - Forward Head
48,0.7384575605392456,0.8328461050987244,0.2555793225765228,0.8478728532791138,0.5867807269096375,0.5775537490844727,0.015026748180389404,0.08976228535175323,Bad - Forward Head
49,0.7413234710693359,0.8328303098678589,0.25599732995033264,0.8478522896766663,0.5866948366165161,0.5781424045562744,0.015021979808807373,0.08803443610668182,Bad - Forward Head
50,0.7429909706115723,0.8328250050544739,0.25715571641921997,0.844211220741272,0.5864571332931519,0.5785130858421326,0.011386215686798096,0.08638378977775574,Bad - Forward Head
51,0.7440885901451111,0.8327888250350952,0.2578483819961548,0.8418055772781372,0.585978090763092,0.5786812901496887,0.009016752243041992,0.0850096046924591,Bad - Forward Head
52,0.7447208166122437,0.8320403695106506,0.2578358054161072,0.8425267934799194,0.585704505443573,0.5795748829841614,0.010486423969268799,0.08442619442939758,Bad - Forward Head
53,0.7448384165763855,0.832258403301239,0.2586379647254944,0.8414106369018555,0.5855251550674438,0.5798848271369934,0.009152233600616455,0.0837869644165039,Bad - Forward Head
54,0.7451481819152832,0.8266729116439819,0.26063966751098633,0.8401927351951599,0.5844677686691284,0.5801042914390564,0.013519823551177979,0.08157384395599365,Bad - Forward Head
55,0.7450247406959534,0.8261884450912476,0.26040399074554443,0.841569721698761,0.5842133164405823,0.5802152752876282,0.015381276607513428,0.08149895071983337,Bad - Forward Head
56,0.7483787536621094,0.8242794275283813,0.26039597392082214,0.8412054777145386,0.578924298286438,0.5762196183204651,0.016926050186157227,0.07453693449497223,Bad - Forward Head
57,0.7498059868812561,0.8243021368980408,0.26024264097213745,0.8411393761634827,0.5740821361541748,0.5741806626319885,0.016837239265441895,0.06905782222747803,Bad - Forward Head
58,0.7501276135444641,0.8249344229698181,0.2602679133415222,0.8390449285507202,0.5705576539039612,0.5727459788322449,0.0141105055809021,0.06535989046096802,Bad - Forward Head
59,0.7504872679710388,0.8260728716850281,0.260250061750412,0.8385228514671326,0.5685507655143738,0.5718967318534851,0.012449979782104492,0.06318210065364838,Bad - Forward Head
60,0.7503635883331299,0.8260771036148071,0.2601498067378998,0.8387981057167053,0.5677520036697388,0.5714499950408936,0.012721002101898193,0.06249530613422394,Bad - Forward Head
61,0.7506529092788696,0.8268288969993591,0.25992652773857117,0.8388329148292542,0.5665140748023987,0.5711907148361206,0.01200401782989502,0.061224356293678284,Bad - Forward Head
62,0.7511166930198669,0.8265535831451416,0.2610977292060852,0.8352108597755432,0.5655685663223267,0.5706062912940979,0.008657276630401611,0.059461355209350586,Bad - Forward Head
63,0.7503247857093811,0.8250412344932556,0.26053300499916077,0.8354654908180237,0.5648937821388245,0.5704684853553772,0.010424256324768066,0.05946488678455353,Bad - Forward Head
64,0.7496265172958374,0.8221692442893982,0.2619568407535553,0.8328520655632019,0.5637789964675903,0.5702642202377319,0.010682821273803711,0.05798731744289398,Bad - Forward Head
65,0.7490187883377075,0.8223905563354492,0.26205113530158997,0.8317343592643738,0.5637552738189697,0.5698096752166748,0.00934380292892456,0.058220311999320984,Bad - Forward Head
66,0.7480329275131226,0.8206679821014404,0.2619982063770294,0.83204585313797,0.5638093948364258,0.5696842670440674,0.011377871036529541,0.05879382789134979,Bad - Forward Head
67,0.746298611164093,0.8181321024894714,0.2619664967060089,0.8322048783302307,0.5638367533683777,0.5693743824958801,0.014072775840759277,0.05970419943332672,Bad - Forward Head
68,0.7461851239204407,0.8177651762962341,0.2624376118183136,0.8324518799781799,0.5637644529342651,0.5690208673477173,0.0146867036819458,0.059453085064888,Bad - Forward Head
69,0.7471288442611694,0.8192901611328125,0.26301199197769165,0.8323424458503723,0.5638685822486877,0.5689815282821655,0.013052284717559814,0.0587981641292572,Bad - Forward Head
70,0.748077392578125,0.8275836110115051,0.2648048996925354,0.8296688199043274,0.5634586215019226,0.5689080953598022,0.0020852088928222656,0.05701747536659241,Bad - Forward Head
71,0.748085081577301,0.8340767025947571,0.2647925615310669,0.829695463180542,0.5621104836463928,0.5686115026473999,0.004381239414215088,0.05567166209220886,Bad - Forward Head
72,0.746271550655365,0.8371479511260986,0.2643708288669586,0.8305161595344543,0.562043309211731,0.5685402154922485,0.006631791591644287,0.05672211945056915,Bad - Forward Head
73,0.7447367906570435,0.8394990563392639,0.26484113931655884,0.829789936542511,0.5619810819625854,0.56852787733078,0.00970911979675293,0.0571921169757843,Bad - Forward Head
74,0.7446992993354797,0.843277633190155,0.26479679346084595,0.8294128775596619,0.5618351697921753,0.5685169100761414,0.013864755630493164,0.05708712339401245,Bad - Forward Head
75,0.7426007390022278,0.8439404368400574,0.2643112540245056,0.8294236660003662,0.5620720982551575,0.5681568384170532,0.014516770839691162,0.05861610174179077,Bad - Forward Head
76,0.743263840675354,0.847440779209137,0.2643182873725891,0.8300778865814209,0.5621294379234314,0.5675623416900635,0.017362892627716064,0.05833837389945984,Bad - Forward Head
77,0.7432810664176941,0.8522555232048035,0.2644827961921692,0.8301331996917725,0.5623306035995483,0.5674566030502319,0.022122323513031006,0.0584486722946167,Bad - Forward Head
78,0.7428562045097351,0.8518985509872437,0.264320969581604,0.829110324382782,0.5623044967651367,0.5673425793647766,0.02278822660446167,0.05871590971946716,Bad - Forward Head
79,0.7417578101158142,0.8516712188720703,0.26385173201560974,0.8291705846786499,0.5617862939834595,0.5670921802520752,0.02250063419342041,0.0589815229177475,Bad - Forward Head
80,0.7423211336135864,0.8496728539466858,0.2642613649368286,0.8270795345306396,0.5617666244506836,0.5671038031578064,0.022593319416046143,0.058475375175476074,Bad - Forward Head
81,0.7438096404075623,0.849573016166687,0.2645494043827057,0.8270318508148193,0.5617681741714478,0.567127525806427,0.022541165351867676,0.05758865177631378,Bad - Forward Head
82,0.7452824115753174,0.8495064377784729,0.26605910062789917,0.8264126181602478,0.5616282820701599,0.5671659708023071,0.023093819618225098,0.055957525968551636,Bad - Forward Head
83,0.7454238533973694,0.8515822887420654,0.26424938440322876,0.8284314870834351,0.5616017580032349,0.5671459436416626,0.02315080165863037,0.05676513910293579,Bad - Forward Head
84,0.7462595105171204,0.8558300733566284,0.2626113295555115,0.8302677273750305,0.5615560412406921,0.5675127506256104,0.0255623459815979,0.05712062120437622,Bad - Forward Head
85,0.746260404586792,0.8557745218276978,0.2623473107814789,0.8316867351531982,0.5616881251335144,0.5677245855331421,0.02408778667449951,0.05738426744937897,Bad - Forward Head
86,0.7464845180511475,0.8505955934524536,0.26199281215667725,0.8324745893478394,0.5620010495185852,0.5682457089424133,0.018121004104614258,0.05776238441467285,Bad - Forward Head
87,0.7468854188919067,0.8514488339424133,0.2612811326980591,0.8340786695480347,0.561972975730896,0.5685886144638062,0.017370164394378662,0.057889699935913086,Bad - Forward Head
88,0.748066246509552,0.8492228984832764,0.26077359914779663,0.8351511359214783,0.5619736909866333,0.5688141584396362,0.014071762561798096,0.057553768157958984,Bad - Forward Head
89,0.7482547760009766,0.8491939306259155,0.26127687096595764,0.8325017690658569,0.5619734525680542,0.5691397190093994,0.016692161560058594,0.0572076290845871,Bad - Forward Head
90,0.7480677962303162,0.8477964997291565,0.26130327582359314,0.8325067162513733,0.5619866251945496,0.5693177580833435,0.015289783477783203,0.05730108916759491,Bad - Forward Head
91,0.7442086338996887,0.8474988341331482,0.261314332485199,0.8315773010253906,0.5619423985481262,0.5695238709449768,0.01592153310775757,0.05918091535568237,Bad - Forward Head
92,0.7415374517440796,0.8467146158218384,0.2610470652580261,0.8312665820121765,0.5631385445594788,0.5701901316642761,0.015448033809661865,0.0618462860584259,Bad - Forward Head
93,0.7402018308639526,0.8478527069091797,0.25996455550193787,0.8325768113136292,0.5633417963981628,0.5702205300331116,0.015275895595550537,0.06325860321521759,Bad - Forward Head
94,0.7402645349502563,0.8520106673240662,0.25976043939590454,0.8323150277137756,0.5633289217948914,0.5701048970222473,0.019695639610290527,0.06331643462181091,Bad - Forward Head
95,0.7406231164932251,0.8561402559280396,0.25975924730300903,0.8310105800628662,0.5629337430000305,0.5699685215950012,0.02512967586517334,0.06274256110191345,Bad - Forward Head
96,0.7422714233398438,0.860703706741333,0.25676846504211426,0.8322350978851318,0.5628589391708374,0.5697285532951355,0.028468608856201172,0.0633389949798584,Bad - Forward Head
97,0.7438532710075378,0.8621785044670105,0.2569236159324646,0.8322455286979675,0.5628046989440918,0.5697267651557922,0.02993297576904297,0.062416255474090576,Bad - Forward Head
98,0.744030773639679,0.8645288944244385,0.25721606612205505,0.8308265805244446,0.5621059536933899,0.5695576071739197,0.033702313899993896,0.06148253381252289,Bad - Forward Head
99,0.7467677593231201,0.8680590987205505,0.2571659982204437,0.8308089375495911,0.5615326166152954,0.5695383548736572,0.03725016117095947,0.05956573784351349,Bad - Forward Head
100,0.747948408126831,0.8700544834136963,0.25718408823013306,0.8302217721939087,0.5610890984535217,0.5696462392807007,0.0398327112197876,0.05852285027503967,Bad - Forward Head
101,0.74803227186203,0.8718946576118469,0.25670313835144043,0.8308610916137695,0.5610799193382263,0.5698363184928894,0.04103356599807739,0.05871221423149109,Bad - Forward Head
102,0.7480138540267944,0.8719758987426758,0.2557559311389923,0.8342083692550659,0.5614099502563477,0.5698886513710022,0.03776752948760986,0.059525057673454285,Bad - Forward Head
103,0.7488325834274292,0.8728066682815552,0.25577312707901,0.8342575430870056,0.5614727735519409,0.5700355768203735,0.03854912519454956,0.059169918298721313,Bad - Forward Head
104,0.7495172023773193,0.8731246590614319,0.25588276982307434,0.8335018157958984,0.5617634057998657,0.5703505277633667,0.03962284326553345,0.059063419699668884,Bad - Forward Head
105,0.750957727432251,0.8736637234687805,0.25464874505996704,0.8368370532989502,0.5619022846221924,0.5703654885292053,0.03682667016983032,0.059099048376083374,Bad - Forward Head
106,0.7513563632965088,0.8736673593521118,0.2545908987522125,0.8368102312088013,0.5621509552001953,0.5705263614654541,0.03685712814331055,0.059177324175834656,Bad - Forward Head
107,0.7520310282707214,0.8736432194709778,0.2547222673892975,0.8367789387702942,0.5624798536300659,0.5705821514129639,0.036864280700683594,0.05910320580005646,Bad - Forward Head
108,0.7527163624763489,0.8741040825843811,0.2554428279399872,0.8349619507789612,0.5628553628921509,0.5702611207962036,0.03914213180541992,0.05877576768398285,Bad - Forward Head
109,0.753222644329071,0.8743199706077576,0.255451500415802,0.8361737132072449,0.5628694295883179,0.5705031752586365,0.038146257400512695,0.05853235721588135,Bad - Forward Head
110,0.7532473802566528,0.8718082904815674,0.25864377617836,0.8334435224533081,0.5630066394805908,0.5705126523971558,0.03836476802825928,0.05706106126308441,Bad - Forward Head
111,0.7532531023025513,0.8698546886444092,0.2586333155632019,0.8356450796127319,0.5634230375289917,0.5706985592842102,0.034209609031677246,0.05747982859611511,Bad - Forward Head
112,0.7533190250396729,0.8675047159194946,0.2586410939693451,0.8356625437736511,0.5634684562683105,0.5708452463150024,0.031842172145843506,0.057488396763801575,Bad - Forward Head
113,0.753211259841919,0.8608576059341431,0.258836030960083,0.8356565237045288,0.562940776348114,0.5719361901283264,0.025201082229614258,0.05691713094711304,Bad - Forward Head
114,0.7526269555091858,0.8579065799713135,0.25926098227500916,0.8327668309211731,0.5627698302268982,0.5723229050636292,0.02513974905014038,0.05682586133480072,Bad - Forward Head
115,0.7524588108062744,0.8560379147529602,0.25969555974006653,0.8326418995857239,0.5625491142272949,0.5724831819534302,0.023396015167236328,0.05647192895412445,Bad - Forward Head
116,0.7521566152572632,0.8536242842674255,0.26038700342178345,0.8309201002120972,0.5625205039978027,0.5724702477455139,0.02270418405532837,0.05624869465827942,Bad - Forward Head
117,0.7521381974220276,0.8504526019096375,0.26091432571411133,0.830791711807251,0.5623586177825928,0.5724473595619202,0.019660890102386475,0.055832356214523315,Bad - Forward Head
118,0.7513427138328552,0.8481143116950989,0.2607720196247101,0.8306949138641357,0.5622891187667847,0.5723435282707214,0.017419397830963135,0.056231752038002014,Bad - Forward Head
119,0.751331090927124,0.8477889895439148,0.26089927554130554,0.8298590183258057,0.5617246627807617,0.5718922019004822,0.01792997121810913,0.055609479546546936,Bad - Forward Head
120,0.7517911195755005,0.8479100465774536,0.26089444756507874,0.8298079967498779,0.5613270401954651,0.570639431476593,0.018102049827575684,0.054984256625175476,Bad - Forward Head
121,0.7517622113227844,0.8482091426849365,0.26092952489852905,0.8283306360244751,0.5609856247901917,0.5699132084846497,0.019878506660461426,0.05463975667953491,Bad - Forward Head
122,0.7532702684402466,0.8482889533042908,0.26247069239616394,0.8258353471755981,0.5606579780578613,0.5693137049674988,0.022453606128692627,0.05278749763965607,Bad - Forward Head
123,0.7541070580482483,0.8483870029449463,0.26314494013786316,0.8258365988731384,0.5595957040786743,0.5687697529792786,0.02255040407180786,0.05096970498561859,Bad - Forward Head
124,0.7541424036026001,0.8484770655632019,0.2623927891254425,0.8278906941413879,0.5585885047912598,0.5686478018760681,0.020586371421813965,0.050320908427238464,Bad - Forward Head
125,0.7529205083847046,0.8504331707954407,0.2627980411052704,0.824449360370636,0.5578125715255737,0.5685425400733948,0.025983810424804688,0.04995329678058624,Good
126,0.7512766122817993,0.8504722118377686,0.26291725039482117,0.823454737663269,0.5570831894874573,0.5685195326805115,0.02701747417449951,0.049986258149147034,Good
127,0.7512799501419067,0.8507418036460876,0.2628442943096161,0.8225711584091187,0.5562149286270142,0.5682004690170288,0.028170645236968994,0.04915280640125275,Good
128,0.7516587376594543,0.8516819477081299,0.2628536820411682,0.8225787878036499,0.5557937622070312,0.5682252049446106,0.02910315990447998,0.04853755235671997,Good
129,0.7519576549530029,0.8590326905250549,0.2617064416408539,0.8230228424072266,0.5591422319412231,0.56839919090271,0.03600984811782837,0.05231018364429474,Bad - Forward Head
130,0.7520033717155457,0.8627142310142517,0.2590849995613098,0.8285905718803406,0.5619109869003296,0.5682781338691711,0.03412365913391113,0.056366801261901855,Bad - Forward Head
131,0.7537878751754761,0.8676764369010925,0.25835755467414856,0.8331987261772156,0.5628852844238281,0.5681140422821045,0.03447771072387695,0.05681256949901581,Bad - Forward Head
132,0.7540738582611084,0.8721643090248108,0.2583433985710144,0.833107054233551,0.5634225606918335,0.567711591720581,0.039057254791259766,0.057213932275772095,Bad - Forward Head
133,0.7542513608932495,0.8719211220741272,0.2577511668205261,0.8354262113571167,0.5639956593513489,0.5676581263542175,0.0364949107170105,0.05799439549446106,Bad - Forward Head
134,0.754438579082489,0.871850848197937,0.2581881582736969,0.8324494957923889,0.5640624761581421,0.5675680637359619,0.039401352405548096,0.05774910748004913,Bad - Forward Head
135,0.7540575265884399,0.8712292313575745,0.2582274079322815,0.8317213654518127,0.5640876889228821,0.5674945116043091,0.03950786590576172,0.05794522166252136,Bad - Forward Head
136,0.7547471523284912,0.8712689876556396,0.2578429579734802,0.8321872353553772,0.5638747811317444,0.5674019455909729,0.03908175230026245,0.05757972598075867,Bad - Forward Head
137,0.758668065071106,0.8715306520462036,0.2578466832637787,0.832169771194458,0.5631541013717651,0.5673258304595947,0.039360880851745605,0.054896727204322815,Bad - Forward Head
138,0.7626842260360718,0.8714693784713745,0.2578634023666382,0.8322692513465881,0.561834454536438,0.5672990083694458,0.03920012712478638,0.05156064033508301,Bad - Forward Head
139,0.7625948190689087,0.8684661388397217,0.25739961862564087,0.8322167992591858,0.5616590976715088,0.5673524141311646,0.03624933958053589,0.05166187882423401,Bad - Forward Head
140,0.7625293135643005,0.8672855496406555,0.2578456699848175,0.8283300399780273,0.5614041090011597,0.5673649311065674,0.038955509662628174,0.05121661722660065,Bad - Forward Head
141,0.7614198327064514,0.8654964566230774,0.2578226625919342,0.8281673789024353,0.5612647533416748,0.5676857829093933,0.03732907772064209,0.051643505692481995,Bad - Forward Head
142,0.7579504251480103,0.860765814781189,0.25808459520339966,0.8281606435775757,0.5614392161369324,0.567687451839447,0.03260517120361328,0.05342170596122742,Bad - Forward Head
143,0.7563799023628235,0.8548051118850708,0.25820523500442505,0.8281068205833435,0.5621155500411987,0.5677564144134521,0.026698291301727295,0.05482298135757446,Bad - Forward Head
144,0.7563811540603638,0.8509824872016907,0.25841158628463745,0.8280284404754639,0.5621398687362671,0.5678449273109436,0.022954046726226807,0.05474349856376648,Bad - Forward Head
145,0.7536317110061646,0.8481462001800537,0.25914517045021057,0.8270954489707947,0.5626847743988037,0.5678417086601257,0.021050751209259033,0.05629633367061615,Bad - Forward Head
146,0.7536470890045166,0.8473319411277771,0.2592138946056366,0.8269190192222595,0.5627731084823608,0.5678465962409973,0.020412921905517578,0.05634261667728424,Bad - Forward Head
147,0.7530245780944824,0.8474629521369934,0.2592121362686157,0.8269487619400024,0.5628877282142639,0.5677584409713745,0.020514190196990967,0.056769371032714844,Bad - Forward Head
148,0.752994179725647,0.8475210666656494,0.25925910472869873,0.826878547668457,0.5632719993591309,0.567778468132019,0.020642518997192383,0.05714535713195801,Bad - Forward Head
149,0.752944827079773,0.8475856184959412,0.2592791020870209,0.8280922174453735,0.5638094544410706,0.5676974058151245,0.019493401050567627,0.057697489857673645,Bad - Forward Head
150,0.7508273720741272,0.8450347185134888,0.2643255591392517,0.8271585702896118,0.5647953748703003,0.5681381225585938,0.017876148223876953,0.05721890926361084,Bad - Forward Head
151,0.7492728233337402,0.8445684909820557,0.2748618721961975,0.824903130531311,0.5662469267845154,0.568545937538147,0.01966536045074463,0.05417957901954651,Bad - Forward Head
152,0.748856246471405,0.8440383672714233,0.2810523211956024,0.8246663808822632,0.5677365064620972,0.5688587427139282,0.019371986389160156,0.052782222628593445,Bad - Forward Head
153,0.7444595098495483,0.8438795804977417,0.2868517339229584,0.8223161101341248,0.5704125761985779,0.5689561367034912,0.021563470363616943,0.054756954312324524,Bad - Forward Head
154,0.7427891492843628,0.8472617268562317,0.2999788522720337,0.8195083141326904,0.5715331435203552,0.5707109570503235,0.02775341272354126,0.05014914274215698,Bad - Forward Head
155,0.7408772706985474,0.8580049276351929,0.3000827431678772,0.8206230401992798,0.5751468539237976,0.5718650221824646,0.037381887435913086,0.05466684699058533,Bad - Forward Head
156,0.7401789426803589,0.865504801273346,0.2987932860851288,0.8208433985710144,0.5780140161514282,0.5731546878814697,0.04466140270233154,0.05852790176868439,Bad - Forward Head
157,0.7424172163009644,0.8663858771324158,0.2942916452884674,0.8350383043289185,0.5822475552558899,0.5746792554855347,0.031347572803497314,0.06389312446117401,Bad - Forward Head
158,0.7410669326782227,0.8653022050857544,0.29389721155166626,0.8414918780326843,0.5834677219390869,0.5761497616767883,0.02381032705307007,0.06598564982414246,Bad - Forward Head
159,0.7410692572593689,0.8617665767669678,0.30367082357406616,0.8485228419303894,0.5832781791687012,0.5778546929359436,0.01324373483657837,0.06090813875198364,Bad - Forward Head
160,0.7413573265075684,0.8595580458641052,0.3056459426879883,0.8483803272247314,0.5825728178024292,0.5811854600906372,0.01117771863937378,0.05907118320465088,Bad - Forward Head
161,0.7413498163223267,0.86281818151474,0.30543988943099976,0.8482008576393127,0.5809397101402283,0.5821695923805237,0.014617323875427246,0.057544857263565063,Bad - Forward Head
162,0.7424944639205933,0.8631454110145569,0.30488595366477966,0.8508106470108032,0.5797482132911682,0.5828896164894104,0.012334764003753662,0.05605800449848175,Bad - Forward Head
163,0.7437721490859985,0.8632936477661133,0.3060551583766937,0.850648045539856,0.5790126919746399,0.5835388898849487,0.012645602226257324,0.05409903824329376,Bad - Forward Head
164,0.7431492805480957,0.8675157427787781,0.3053566813468933,0.8260644674301147,0.5782343149185181,0.5853536128997803,0.04145127534866333,0.05398133397102356,Bad - Forward Head
165,0.7432394623756409,0.8683911561965942,0.31088143587112427,0.8249446153640747,0.5780591368675232,0.586700439453125,0.04344654083251953,0.050998687744140625,Bad - Forward Head
166,0.743151068687439,0.8675270676612854,0.3227977156639099,0.8211361765861511,0.5779613852500916,0.5878320932388306,0.04639089107513428,0.044986993074417114,Good
167,0.7396047711372375,0.862523078918457,0.32301414012908936,0.8072954416275024,0.5779792070388794,0.5889957547187805,0.05522763729095459,0.04666975140571594,Bad - Slouching
168,0.7354422807693481,0.8590676188468933,0.3240039348602295,0.7826151251792908,0.5780354738235474,0.5890622735023499,0.07645249366760254,0.048312366008758545,Bad - Slouching
169,0.7343049049377441,0.8553058505058289,0.3304693102836609,0.7746486663818359,0.5797046422958374,0.5890870690345764,0.08065718412399292,0.04731753468513489,Bad - Slouching
170,0.7325822710990906,0.8509207963943481,0.32980430126190186,0.7640830874443054,0.5838061571121216,0.5897380709648132,0.08683770895004272,0.052612870931625366,Bad - Slouching
171,0.7326773405075073,0.8490633368492126,0.3291083872318268,0.7664138674736023,0.5875044465065002,0.5897282958030701,0.08264946937561035,0.05661158263683319,Bad - Slouching
172,0.7351018190383911,0.8486905694007874,0.3353368639945984,0.7695702910423279,0.5894485116004944,0.5913087725639343,0.07912027835845947,0.054229170083999634,Bad - Slouching
173,0.7364476919174194,0.84720778465271,0.337547242641449,0.7713097929954529,0.5900160074234009,0.5929809808731079,0.07589799165725708,0.053018540143966675,Bad - Slouching
174,0.7395855188369751,0.8433647751808167,0.3485012650489807,0.7761185765266418,0.59056156873703,0.594355046749115,0.0672461986541748,0.046518176794052124,Bad - Slouching
175,0.7395598292350769,0.8434809446334839,0.35257628560066223,0.79120272397995,0.5924303531646729,0.5952634811401367,0.052278220653533936,0.046362295746803284,Bad - Slouching
176,0.7370321154594421,0.8436233997344971,0.3548753261566162,0.8025073409080505,0.5939313173294067,0.595455527305603,0.04111605882644653,0.047977596521377563,Good
177,0.7364902496337891,0.8429082632064819,0.36267510056495667,0.7926558256149292,0.5983111262321472,0.5953856706619263,0.050252437591552734,0.04872845113277435,Bad - Slouching
178,0.7445029020309448,0.8416621088981628,0.3547073006629944,0.8266086578369141,0.5996605157852173,0.5949844121932983,0.01505345106124878,0.05005541443824768,Bad - Forward Head
179,0.7508028745651245,0.8400397896766663,0.3454835116863251,0.8312265872955322,0.5999069213867188,0.5945621132850647,0.008813202381134033,0.05176372826099396,Bad - Forward Head
180,0.751352071762085,0.8386673331260681,0.3346843421459198,0.8360468149185181,0.6002281308174133,0.5933884382247925,0.002620518207550049,0.05720992386341095,Bad - Forward Head
181,0.7516025900840759,0.8361122608184814,0.3290826380252838,0.8340023159980774,0.6013222336769104,0.5914397835731506,0.0021099448204040527,0.06097961962223053,Bad - Forward Head
182,0.751353919506073,0.8328942060470581,0.323142945766449,0.8337677717208862,0.6013818383216858,0.586388885974884,0.000873565673828125,0.0641334056854248,Bad - Forward Head
183,0.75119549036026,0.832963228225708,0.31707602739334106,0.8353471755981445,0.6013263463973999,0.5827802419662476,0.0023839473724365234,0.06719058752059937,Bad - Forward Head
184,0.7522148489952087,0.8330307006835938,0.31472334265708923,0.8345481157302856,0.6012595891952515,0.5808830261230469,0.0015174150466918945,0.06779049336910248,Bad - Forward Head
185,0.753045916557312,0.833190381526947,0.3133028447628021,0.8343827128410339,0.6012144684791565,0.5789541602134705,0.001192331314086914,0.06804008781909943,Bad - Forward Head
186,0.7529879808425903,0.8386859893798828,0.31177273392677307,0.8262137770652771,0.6007959842681885,0.5751602649688721,0.012472212314605713,0.06841562688350677,Bad - Forward Head
187,0.7534767389297485,0.8404000997543335,0.3121703863143921,0.8235758543014526,0.6005094647407532,0.5724203586578369,0.01682424545288086,0.06768590211868286,Bad - Forward Head
188,0.7535857558250427,0.8425279259681702,0.30807316303253174,0.8234789967536926,0.6002095937728882,0.5700770616531372,0.01904892921447754,0.06938013434410095,Bad - Forward Head
189,0.7552433013916016,0.8473446369171143,0.3031718134880066,0.8308971524238586,0.5996652841567993,0.5673429369926453,0.016447484493255615,0.07045772671699524,Bad - Forward Head
190,0.7561858892440796,0.8498929738998413,0.3017059862613678,0.8306235671043396,0.5994595885276794,0.5663065314292908,0.01926940679550171,0.07051365077495575,Bad - Forward Head
191,0.7579922676086426,0.8512694239616394,0.3012157082557678,0.8322842717170715,0.5989111661911011,0.5648910403251648,0.01898515224456787,0.06930717825889587,Bad - Forward Head
192,0.7583745121955872,0.8536409139633179,0.2996046245098114,0.8352572321891785,0.5981892943382263,0.5644221901893616,0.018383681774139404,0.06919972598552704,Bad - Forward Head
193,0.7591968178749084,0.8537982106208801,0.2998451292514801,0.8350910544395447,0.5969189405441284,0.5639048218727112,0.01870715618133545,0.06739796698093414,Bad - Forward Head
194,0.7592149972915649,0.8559989929199219,0.3002021014690399,0.8360056281089783,0.5965716242790222,0.5630849599838257,0.019993364810943604,0.06686307489871979,Bad - Forward Head
195,0.7590053677558899,0.8579258322715759,0.29949480295181274,0.8378793597221375,0.5962592363357544,0.5631493330001831,0.020046472549438477,0.06700915098190308,Bad - Forward Head
196,0.7587956190109253,0.8616616725921631,0.2997082769870758,0.8379517197608948,0.5956035256385803,0.5631751418113708,0.02370995283126831,0.06635157763957977,Bad - Forward Head
197,0.7579094767570496,0.863415539264679,0.29979783296585083,0.8385190367698669,0.5955851078033447,0.5631840229034424,0.02489650249481201,0.06673145294189453,Bad - Forward Head
198,0.7576329708099365,0.8654072880744934,0.29905474185943604,0.8384897112846375,0.595573902130127,0.5632207989692688,0.026917576789855957,0.06723004579544067,Bad - Forward Head
199,0.7574318051338196,0.865339994430542,0.29911714792251587,0.8347996473312378,0.5955538153648376,0.5632407665252686,0.0305403470993042,0.06727933883666992,Bad - Forward Head
200,0.7569389939308167,0.8656898736953735,0.2982056736946106,0.8352686166763306,0.5954890251159668,0.5633668303489685,0.03042125701904297,0.06791669130325317,Bad - Forward Head
201,0.758573591709137,0.8656290173530579,0.2972509264945984,0.8352203369140625,0.5963402986526489,0.5638600587844849,0.03040868043899536,0.06842803955078125,Bad - Forward Head
202,0.758564829826355,0.8647706508636475,0.29741373658180237,0.8333190679550171,0.596989095211029,0.5644083023071289,0.03145158290863037,0.06899981200695038,Bad - Forward Head
203,0.7585355043411255,0.863846480846405,0.29714256525039673,0.8298258185386658,0.5970548987388611,0.564935028553009,0.03402066230773926,0.06921586394309998,Bad - Forward Head
204,0.7585157155990601,0.8616102933883667,0.3010040819644928,0.8242198824882507,0.5970755219459534,0.5650900602340698,0.03739041090011597,0.06731562316417694,Bad - Forward Head
205,0.7583823204040527,0.8581732511520386,0.30221933126449585,0.8242161870002747,0.597002387046814,0.56545490026474,0.033957064151763916,0.06670156121253967,Bad - Forward Head
206,0.7581857442855835,0.8572881817817688,0.30312633514404297,0.8169451355934143,0.5970051884651184,0.5662096738815308,0.04034304618835449,0.06634914875030518,Bad - Forward Head
207,0.7559059858322144,0.855808436870575,0.30272120237350464,0.8122765421867371,0.5969997644424438,0.5668342113494873,0.04353189468383789,0.06768617033958435,Bad - Forward Head
208,0.7555617094039917,0.8551017045974731,0.30377644300460815,0.8167243599891663,0.596994936466217,0.5677971243858337,0.038377344608306885,0.06732586026191711,Bad - Forward Head
209,0.755530059337616,0.8551965355873108,0.30399033427238464,0.8185251951217651,0.5969376564025879,0.5684157013893127,0.036671340465545654,0.06717745959758759,Bad - Forward Head
210,0.7545536756515503,0.8551960587501526,0.30489033460617065,0.8186558485031128,0.5969310998916626,0.5693181157112122,0.036540210247039795,0.06720909476280212,Bad - Forward Head
211,0.7481776475906372,0.8546926379203796,0.30636149644851685,0.804639458656311,0.5971069931983948,0.5696514844894409,0.050053179264068604,0.06983742117881775,Bad - Slouching
212,0.7467900514602661,0.8545364737510681,0.3085206151008606,0.7977827787399292,0.5971173048019409,0.5696911215782166,0.056753695011138916,0.06946197152137756,Bad - Slouching
213,0.746597170829773,0.8563810586929321,0.3145764470100403,0.7984437942504883,0.5971304178237915,0.5697240233421326,0.05793726444244385,0.06654360890388489,Bad - Slouching
214,0.742377758026123,0.8541913628578186,0.3156338334083557,0.791479229927063,0.5971206426620483,0.5696345567703247,0.06271213293075562,0.06811484694480896,Bad - Slouching
215,0.7389569878578186,0.8532682061195374,0.31567245721817017,0.7865489721298218,0.5975829362869263,0.5692242980003357,0.06671923398971558,0.07026821374893188,Bad - Slouching
216,0.7338172197341919,0.8529526591300964,0.3162221908569336,0.7820882797241211,0.5979686379432678,0.5683276653289795,0.07086437940597534,0.07294893264770508,Bad - Slouching
217,0.7320773601531982,0.8530067801475525,0.3161676526069641,0.7810689806938171,0.5983580946922302,0.5679490566253662,0.07193779945373535,0.07423558831214905,Bad - Slouching
218,0.728606104850769,0.8508017659187317,0.3162701427936554,0.7704537510871887,0.5990943908691406,0.5676633715629578,0.08034801483154297,0.0766562670469284,Bad - Slouching
219,0.7229233980178833,0.8421050310134888,0.3182670474052429,0.7593340277671814,0.5993304252624512,0.5672670006752014,0.08277100324630737,0.07873520255088806,Bad - Slouching
220,0.7207522988319397,0.8368596434593201,0.3219945430755615,0.7453572750091553,0.6012192964553833,0.5663512945175171,0.0915023684501648,0.07984587550163269,Bad - Slouching
221,0.7189067602157593,0.8319963812828064,0.32776400446891785,0.7401800751686096,0.6047772765159607,0.5660088658332825,0.09181630611419678,0.08144189417362213,Bad - Slouching
222,0.7159562110900879,0.8273707032203674,0.32758715748786926,0.7367351651191711,0.6079912185668945,0.5657397508621216,0.09063553810119629,0.08621953427791595,Bad - Slouching
223,0.7199904322624207,0.8277148604393005,0.3272847831249237,0.7394620180130005,0.6085488796234131,0.5656671524047852,0.08825284242630005,0.0849112719297409,Bad - Slouching
224,0.726575493812561,0.8280140161514282,0.3275924623012543,0.7412574291229248,0.6092603206634521,0.5661881566047668,0.08675658702850342,0.0821763426065445,Bad - Slouching
225,0.7298198342323303,0.8388129472732544,0.32712918519973755,0.7450462579727173,0.6090593338012695,0.5664770603179932,0.09376668930053711,0.0805848240852356,Bad - Slouching
226,0.7311773896217346,0.8403562307357788,0.3233432471752167,0.7503456473350525,0.6090818047523499,0.5681192278862,0.09001058340072632,0.0818214863538742,Bad - Slouching
227,0.73410564661026,0.8427611589431763,0.3211630582809448,0.7586747407913208,0.6091554760932922,0.5691671371459961,0.08408641815185547,0.08152112364768982,Bad - Slouching
228,0.7387319803237915,0.8463588953018188,0.31582018733024597,0.7767914533615112,0.6089101433753967,0.5696737766265869,0.06956744194030762,0.08163405954837799,Bad - Slouching
229,0.7449612617492676,0.8462820649147034,0.31441399455070496,0.7772037386894226,0.6088845133781433,0.570397675037384,0.06907832622528076,0.07919688522815704,Bad - Slouching
230,0.7456204891204834,0.8467814326286316,0.3144305348396301,0.7707164883613586,0.6078575849533081,0.5706884860992432,0.07606494426727295,0.07783207297325134,Bad - Slouching
231,0.7499648332595825,0.852423369884491,0.3175448775291443,0.7689570188522339,0.603589653968811,0.5706159472465515,0.08346635103225708,0.06983479857444763,Bad - Slouching
232,0.7499829530715942,0.8555858731269836,0.32011324167251587,0.7736338376998901,0.6002217531204224,0.5707443356513977,0.0819520354270935,0.06517365574836731,Bad - Slouching
233,0.7497186064720154,0.8608642816543579,0.3199942111968994,0.776322066783905,0.5990104079246521,0.5708267688751221,0.08454221487045288,0.0641539990901947,Bad - Slouching
234,0.7497869729995728,0.8611065149307251,0.3206419348716736,0.7799463272094727,0.598983108997345,0.570684015750885,0.08116018772125244,0.0637686550617218,Bad - Slouching
235,0.749884307384491,0.8644259572029114,0.31958526372909546,0.783291757106781,0.5990113019943237,0.5701293349266052,0.08113420009613037,0.06427651643753052,Bad - Slouching
236,0.7494856715202332,0.8663330674171448,0.3161598742008209,0.7844371199607849,0.5990232825279236,0.5699355006217957,0.08189594745635986,0.06620050966739655,Bad - Slouching
237,0.7493959665298462,0.8677607774734497,0.31246334314346313,0.7852885127067566,0.5990398526191711,0.5697165131568909,0.08247226476669312,0.06811019778251648,Bad - Slouching
238,0.7483828067779541,0.8703128099441528,0.307904988527298,0.7886673212051392,0.5987873077392578,0.5693777799606323,0.08164548873901367,0.07064341008663177,Bad - Slouching
239,0.748519778251648,0.8713768720626831,0.30806273221969604,0.7901966571807861,0.5978661775588989,0.5690840482711792,0.08118021488189697,0.06957492232322693,Bad - Slouching
240,0.7496959567070007,0.872595489025116,0.3077264428138733,0.7906521558761597,0.5968717336654663,0.5679880380630493,0.0819433331489563,0.0681605339050293,Bad - Slouching
241,0.7499914169311523,0.8738405704498291,0.30774182081222534,0.7909376621246338,0.5963273048400879,0.5671994090080261,0.08290290832519531,0.06746068596839905,Bad - Slouching
242,0.751178503036499,0.8740432262420654,0.30789369344711304,0.7905181050300598,0.59572833776474,0.5658285021781921,0.08352512121200562,0.06619223952293396,Bad - Slouching
243,0.7512231469154358,0.8747824430465698,0.30825603008270264,0.790292501449585,0.5954601764678955,0.5643500685691833,0.08448994159698486,0.0657205879688263,Bad - Slouching
244,0.7512034177780151,0.8747668862342834,0.30797722935676575,0.7902582883834839,0.5950702428817749,0.5632833242416382,0.08450859785079956,0.06547991931438446,Bad - Slouching
245,0.7513561248779297,0.8748888373374939,0.30799755454063416,0.7904512882232666,0.5943244695663452,0.5621644854545593,0.0844375491142273,0.0646476298570633,Bad - Slouching
246,0.7513660192489624,0.875808835029602,0.30689913034439087,0.7918725609779358,0.5942842364311218,0.5616816282272339,0.08393627405166626,0.06515166163444519,Bad - Slouching
247,0.7514342069625854,0.8770052194595337,0.3067690432071686,0.791828453540802,0.5942155122756958,0.5611880421638489,0.08517676591873169,0.06511388719081879,Bad - Slouching
248,0.7514214515686035,0.8771030902862549,0.30608898401260376,0.7891045808792114,0.5941887497901917,0.560657262802124,0.08799850940704346,0.06543353199958801,Bad - Slouching
249,0.7513103485107422,0.8770914077758789,0.3051436245441437,0.7865675091743469,0.5942680239677429,0.5600708723068237,0.09052389860153198,0.06604103744029999,Bad - Slouching
250,0.7513112425804138,0.8774181008338928,0.30626171827316284,0.785986065864563,0.5943478345870972,0.5599765181541443,0.09143203496932983,0.06556135416030884,Bad - Slouching
251,0.7512717843055725,0.8775190114974976,0.30698150396347046,0.7860298752784729,0.594433069229126,0.5600106120109558,0.09148913621902466,0.06530642509460449,Bad - Slouching
252,0.7513980269432068,0.878303587436676,0.3071346879005432,0.7909966111183167,0.5947248935699463,0.56053626537323,0.08730697631835938,0.06545853614807129,Bad - Slouching
253,0.7516348958015442,0.877722442150116,0.3073417544364929,0.7932165861129761,0.5947949886322021,0.5606680512428284,0.08450585603713989,0.0653066635131836,Bad - Slouching
254,0.7516397833824158,0.8749208450317383,0.30774638056755066,0.7935591340065002,0.5947314500808716,0.5610672831535339,0.08136171102523804,0.06503836810588837,Bad - Slouching
255,0.7518342733383179,0.8749450445175171,0.3087475597858429,0.793800413608551,0.5949047803878784,0.5614849328994751,0.08114463090896606,0.06461386382579803,Bad - Slouching
256,0.7517089247703552,0.8749329447746277,0.31097835302352905,0.7932578325271606,0.5949369668960571,0.562005341053009,0.08167511224746704,0.06359332799911499,Bad - Slouching
257,0.7516969442367554,0.8748816251754761,0.31248587369918823,0.7942563891410828,0.5950589776039124,0.5628004670143127,0.08062523603439331,0.06296756863594055,Bad - Slouching
258,0.7516769766807556,0.8749371767044067,0.31468814611434937,0.7936874628067017,0.5952004790306091,0.5637525916099548,0.08124971389770508,0.06201791763305664,Bad - Slouching
259,0.7514550685882568,0.8749187588691711,0.31799542903900146,0.7921590805053711,0.5952428579330444,0.5650595426559448,0.08275967836380005,0.06051760911941528,Bad - Slouching
260,0.751463770866394,0.8759912848472595,0.318020224571228,0.7927582859992981,0.5952357649803162,0.5655680298805237,0.08323299884796143,0.06049376726150513,Bad - Slouching
261,0.7514042854309082,0.8765825033187866,0.31796807050704956,0.792875349521637,0.5952261686325073,0.5658653974533081,0.08370715379714966,0.06053999066352844,Bad - Slouching
262,0.751400351524353,0.8765891194343567,0.3176212012767792,0.7928736209869385,0.5952789187431335,0.5659741163253784,0.08371549844741821,0.060768142342567444,Bad - Slouching
263,0.7511200308799744,0.8765956163406372,0.3180428147315979,0.7919208407402039,0.5952719449996948,0.5662649869918823,0.08467477560043335,0.06069052219390869,Bad - Slouching
264,0.7510336637496948,0.876535952091217,0.3180297911167145,0.7910283207893372,0.595478355884552,0.5662086009979248,0.08550763130187988,0.06094662845134735,Bad - Slouching
265,0.7509707808494568,0.8764859437942505,0.31965845823287964,0.7887037992477417,0.5954362154006958,0.5658280253410339,0.08778214454650879,0.06012159585952759,Bad - Slouching
266,0.7508806586265564,0.8764874339103699,0.3195856511592865,0.7891659140586853,0.5954537391662598,0.5655680894851685,0.08732151985168457,0.06022058427333832,Bad - Slouching
267,0.7507590055465698,0.876442015171051,0.31986087560653687,0.7891671657562256,0.5950382351875305,0.5649867653846741,0.08727484941482544,0.05972829461097717,Bad - Slouching
268,0.7479630708694458,0.8764378428459167,0.31984955072402954,0.7901065945625305,0.5949311256408691,0.561353325843811,0.08633124828338623,0.06102481484413147,Bad - Slouching
269,0.7470937371253967,0.876906156539917,0.31978803873062134,0.7926281690597534,0.5949341058731079,0.5580772161483765,0.08427798748016357,0.06149321794509888,Bad - Slouching
270,0.746956467628479,0.8752590417861938,0.3200733959674835,0.7928467988967896,0.5949393510818481,0.5547680258750916,0.0824122428894043,0.06142441928386688,Bad - Slouching
271,0.7449449300765991,0.8752472996711731,0.3199774920940399,0.7919773459434509,0.5948401689529419,0.5513490438461304,0.08326995372772217,0.062378957867622375,Bad - Slouching
272,0.7441871166229248,0.8730653524398804,0.32049697637557983,0.7910301089286804,0.5949141383171082,0.5499531626701355,0.08203524351119995,0.06257209181785583,Bad - Slouching
273,0.7439826726913452,0.8718797564506531,0.3205246031284332,0.7901909947395325,0.5952240228652954,0.549297034740448,0.0816887617111206,0.06297038495540619,Bad - Slouching
274,0.7439752817153931,0.8688470125198364,0.3219558000564575,0.7882518768310547,0.5954793691635132,0.5477713346481323,0.08059513568878174,0.06251382827758789,Bad - Slouching
275,0.7440052628517151,0.8688620924949646,0.3221553564071655,0.7878115177154541,0.5955076217651367,0.5461084246635437,0.0810505747795105,0.06242731213569641,Bad - Slouching
276,0.7442084550857544,0.868577778339386,0.3219897150993347,0.7878105640411377,0.5957721471786499,0.5450641512870789,0.08076721429824829,0.06267306208610535,Bad - Slouching
277,0.7442578673362732,0.8685895204544067,0.3201834261417389,0.7876513600349426,0.5964011549949646,0.5440280437469482,0.08093816041946411,0.06418050825595856,Bad - Slouching
278,0.7442658543586731,0.8684179186820984,0.31958311796188354,0.7865647673606873,0.5965386629104614,0.5428699851036072,0.08185315132141113,0.0646141767501831,Bad - Slouching
279,0.7451556324958801,0.8675632476806641,0.3195953965187073,0.7861670851707458,0.5969223976135254,0.5409554839134216,0.08139616250991821,0.06454688310623169,Bad - Slouching
280,0.7452096939086914,0.868049681186676,0.3181637227535248,0.7858768701553345,0.5972133874893188,0.5394105911254883,0.08217281103134155,0.06552667915821075,Bad - Slouching
281,0.745679497718811,0.8681507110595703,0.3171541094779968,0.7864199280738831,0.5975609421730042,0.5386497974395752,0.08173078298568726,0.06614413857460022,Bad - Slouching
282,0.7456098794937134,0.8692472577095032,0.31785446405410767,0.785785973072052,0.5976287722587585,0.5384262800216675,0.08346128463745117,0.06589660048484802,Bad - Slouching
283,0.7455715537071228,0.8701765537261963,0.31842783093452454,0.7861588597297668,0.5976501703262329,0.5380754470825195,0.08401769399642944,0.06565047800540924,Bad - Slouching
284,0.7441251277923584,0.8705276846885681,0.3191467523574829,0.7858839631080627,0.5976404547691345,0.5378041863441467,0.08464372158050537,0.06600451469421387,Bad - Slouching
285,0.7411006093025208,0.8712581992149353,0.3191547691822052,0.784968912601471,0.597615122795105,0.5378229022026062,0.08628928661346436,0.067487433552742,Bad - Slouching
286,0.7405955195426941,0.871237576007843,0.3191998600959778,0.7888973355293274,0.5964243412017822,0.5378239750862122,0.08234024047851562,0.06652665138244629,Bad - Slouching
287,0.7345241904258728,0.8594415783882141,0.3176731765270233,0.7563842535018921,0.5962101817131042,0.5359299778938293,0.10305732488632202,0.07011149823665619,Bad - Slouching
288,0.7346922159194946,0.8495041728019714,0.3198743462562561,0.7552763819694519,0.5938463807106018,0.5349628925323486,0.09422779083251953,0.06656309962272644,Bad - Slouching
289,0.7377071380615234,0.8474911451339722,0.3231840133666992,0.7568715810775757,0.5914058685302734,0.533638596534729,0.09061956405639648,0.06096029281616211,Bad - Slouching
290,0.7379260063171387,0.8470985889434814,0.3239956200122833,0.7566930055618286,0.5897572636604309,0.5334832072257996,0.09040558338165283,0.05879645049571991,Bad - Slouching
291,0.7376591563224792,0.8470805287361145,0.3239733576774597,0.7535374760627747,0.5885381102561951,0.5330137014389038,0.09354305267333984,0.057721853256225586,Bad - Slouching
292,0.7379244565963745,0.8470436334609985,0.3258371949195862,0.7500787377357483,0.5869638323783875,0.5329762697219849,0.09696489572525024,0.055083006620407104,Bad - Slouching
293,0.7384638786315918,0.8461349010467529,0.327054500579834,0.7344480156898499,0.5859241485595703,0.5328271389007568,0.11168688535690308,0.05316495895385742,Bad - Slouching
294,0.7358325719833374,0.8437346816062927,0.32622748613357544,0.7335913181304932,0.5870850086212158,0.5326021313667297,0.11014336347579956,0.0560549795627594,Bad - Slouching
295,0.735855221748352,0.840374231338501,0.32516318559646606,0.7297897934913635,0.5873115062713623,0.5319123268127441,0.11058443784713745,0.05680230259895325,Bad - Slouching
296,0.7413491010665894,0.828094482421875,0.32512009143829346,0.7258453369140625,0.5873409509658813,0.5318946242332458,0.1022491455078125,0.05410635471343994,Bad - Slouching
297,0.7544142007827759,0.828893780708313,0.32561931014060974,0.7322818636894226,0.5872999429702759,0.5316855311393738,0.09661191701889038,0.04728318750858307,Bad - Slouching
298,0.7564814686775208,0.8294296860694885,0.3264550566673279,0.7329837083816528,0.5873726010322571,0.5296416878700256,0.0964459776878357,0.045904338359832764,Bad - Slouching
299,0.7563912272453308,0.8298788666725159,0.3265494406223297,0.733282744884491,0.5873957872390747,0.5271924138069153,0.0965961217880249,0.045925453305244446,Bad - Slouching
300,0.7596778869628906,0.8301851749420166,0.3266459107398987,0.7333699464797974,0.5873309373855591,0.5271149277687073,0.09681522846221924,0.04416903853416443,Bad - Slouching
301,0.7636905908584595,0.836017906665802,0.3266521394252777,0.7346979379653931,0.5901477336883545,0.5270168781280518,0.10131996870040894,0.0449763685464859,Bad - Slouching
302,0.7687562704086304,0.8412301540374756,0.3266780376434326,0.736638069152832,0.5943406224250793,0.5262669324874878,0.10459208488464355,0.04662346839904785,Bad - Slouching
303,0.7697498202323914,0.8412591218948364,0.32678666710853577,0.7400444149971008,0.595849871635437,0.526296079158783,0.1012147068977356,0.04758162796497345,Bad - Slouching
304,0.7696812748908997,0.8411120176315308,0.326826274394989,0.7400252819061279,0.5976229906082153,0.5261392593383789,0.10108673572540283,0.049369215965270996,Bad - Slouching
305,0.7695921063423157,0.8409425616264343,0.3259403109550476,0.7226161956787109,0.5990427732467651,0.5254576802253723,0.11832636594772339,0.051276564598083496,Bad - Slouching
306,0.7692150473594666,0.8409937620162964,0.3254692554473877,0.7184553742408752,0.6007910370826721,0.525210440158844,0.12253838777542114,0.053448885679244995,Bad - Slouching
307,0.7702244520187378,0.8411089777946472,0.32679352164268494,0.715975821018219,0.6039168834686279,0.525287389755249,0.12513315677642822,0.055407896637916565,Bad - Slouching
308,0.7700860500335693,0.8411778807640076,0.32814642786979675,0.7142400741577148,0.604491651058197,0.5252799391746521,0.12693780660629272,0.05537541210651398,Bad - Slouching
309,0.7709230184555054,0.8440222144126892,0.33058586716651917,0.7189158797264099,0.604171633720398,0.5252864360809326,0.1251063346862793,0.05341719090938568,Bad - Slouching
310,0.7721823453903198,0.8472511768341064,0.333523154258728,0.7234498858451843,0.6037231683731079,0.5253503322601318,0.12380129098892212,0.050870418548583984,Bad - Slouching
311,0.7759155631065369,0.8485610485076904,0.3360271751880646,0.7278985977172852,0.6035808324813843,0.525886595249176,0.12066245079040527,0.04760946333408356,Bad - Slouching
312,0.776018500328064,0.8486278653144836,0.336342990398407,0.7303038835525513,0.6035131216049194,0.5268490314483643,0.11832398176193237,0.04733237624168396,Bad - Slouching
313,0.7765623331069946,0.8486624956130981,0.3370484709739685,0.7342240810394287,0.6030312776565552,0.5285081267356873,0.11443841457366943,0.04622587561607361,Bad - Slouching
314,0.7770201563835144,0.8510172963142395,0.33715197443962097,0.7378377914428711,0.6029663681983948,0.5331156253814697,0.11317950487136841,0.04588030278682709,Bad - Slouching
315,0.7780880928039551,0.8501003384590149,0.337179571390152,0.7397395968437195,0.6029292941093445,0.5348561406135559,0.11036074161529541,0.045295462012290955,Bad - Slouching
316,0.7629024982452393,0.8500834107398987,0.3366122841835022,0.7392615675926208,0.6017791628837585,0.5378519296646118,0.11082184314727783,0.05202177166938782,Bad - Slouching
317,0.7457786202430725,0.8488942980766296,0.3353986144065857,0.7292071580886841,0.6028668880462646,0.5391751527786255,0.11968713998794556,0.06227827072143555,Bad - Slouching
318,0.7421308755874634,0.8493241667747498,0.3312573730945587,0.7292923331260681,0.6057936549186707,0.5400820970535278,0.12003183364868164,0.0690995305776596,Bad - Slouching
319,0.7443157434463501,0.8516656756401062,0.32795169949531555,0.7433614730834961,0.6062912940979004,0.5412248373031616,0.10830420255661011,0.07015757262706757,Bad - Slouching
320,0.7472504377365112,0.8522421717643738,0.3269196152687073,0.7593684792518616,0.607110857963562,0.5418140888214111,0.09287369251251221,0.07002583146095276,Bad - Slouching
321,0.7482200860977173,0.8523825407028198,0.3259775638580322,0.7601794004440308,0.6079298257827759,0.5428570508956909,0.09220314025878906,0.07083100080490112,Bad - Slouching
322,0.7491118907928467,0.8567698001861572,0.3242549002170563,0.7739011645317078,0.607160210609436,0.5451374650001526,0.08286863565444946,0.07047681510448456,Bad - Slouching
323,0.7494991421699524,0.8625333905220032,0.3217519521713257,0.7801554203033447,0.606486439704895,0.5457177758216858,0.08237797021865845,0.07086089253425598,Bad - Slouching
324,0.7501391172409058,0.8650320172309875,0.3201197385787964,0.7826623916625977,0.605872392654419,0.5459119081497192,0.08236962556838989,0.07074296474456787,Bad - Slouching
325,0.7506536245346069,0.8649706244468689,0.31959253549575806,0.7842506170272827,0.6054867506027222,0.5469207167625427,0.08072000741958618,0.07036367058753967,Bad - Slouching
326,0.7507516145706177,0.8670905828475952,0.3184879422187805,0.7950096130371094,0.6039766669273376,0.5483235120773315,0.07208096981048584,0.06935688853263855,Bad - Slouching
327,0.7521699070930481,0.8708174824714661,0.3183251619338989,0.7979790568351746,0.6018744707107544,0.5496508479118347,0.0728384256362915,0.06662693619728088,Bad - Slouching
328,0.7524939775466919,0.871527373790741,0.31561577320098877,0.7967095971107483,0.6012545824050903,0.5496968030929565,0.07481777667999268,0.06719970703125,Bad - Slouching
329,0.7527778744697571,0.8718230128288269,0.31596916913986206,0.7952272295951843,0.5998533964157104,0.5496960878372192,0.07659578323364258,0.06547987461090088,Bad - Slouching
330,0.7528713345527649,0.8732004761695862,0.3159850239753723,0.7928450107574463,0.5998610854148865,0.5497163534164429,0.08035546541213989,0.06543290615081787,Bad - Slouching
331,0.7510673403739929,0.8725367784500122,0.3160252571105957,0.7849321961402893,0.5998389720916748,0.5496009588241577,0.0876045823097229,0.0662926733493805,Bad - Slouching
332,0.7507779598236084,0.8737562894821167,0.31508344411849976,0.7846019268035889,0.5999436974525452,0.5491431951522827,0.08915436267852783,0.06701299548149109,Bad - Slouching
333,0.751063883304596,0.8764414191246033,0.31484928727149963,0.7843456864356995,0.5986682772636414,0.5484302043914795,0.09209573268890381,0.06571169197559357,Bad - Slouching
334,0.7518169283866882,0.8763645887374878,0.31487196683883667,0.7833505868911743,0.5944153666496277,0.5460927486419678,0.09301400184631348,0.061070919036865234,Bad - Slouching
335,0.7519604563713074,0.875839114189148,0.3141150176525116,0.78534996509552,0.5913892388343811,0.5454880595207214,0.09048914909362793,0.05835150182247162,Bad - Slouching
336,0.7520472407341003,0.8759052157402039,0.31354469060897827,0.7851669788360596,0.5870555639266968,0.5436432361602783,0.09073823690414429,0.05425959825515747,Bad - Slouching
337,0.7521393299102783,0.876704752445221,0.3133707344532013,0.7850742936134338,0.5843168497085571,0.5415244698524475,0.09163045883178711,0.05156181752681732,Bad - Slouching
338,0.7517062425613403,0.8763723373413086,0.31332486867904663,0.7845708131790161,0.5827155709266663,0.5347692370414734,0.09180152416229248,0.05020001530647278,Bad - Slouching
339,0.7503650188446045,0.8754673600196838,0.31312188506126404,0.7815340757369995,0.5826550722122192,0.5304625034332275,0.09393328428268433,0.05091162025928497,Bad - Slouching
340,0.7502795457839966,0.875209391117096,0.3123984932899475,0.7832427620887756,0.5817258954048157,0.5262979865074158,0.09196662902832031,0.05038687586784363,Bad - Slouching
341,0.750191330909729,0.8734773993492126,0.312394917011261,0.7828273177146912,0.579276442527771,0.5227115750312805,0.09065008163452148,0.047983318567276,Bad - Slouching
342,0.7501636743545532,0.8745135068893433,0.31213614344596863,0.7853419184684753,0.5740322470664978,0.5214449763298035,0.08917158842086792,0.04288233816623688,Bad - Slouching
343,0.7502485513687134,0.8744966387748718,0.3110997974872589,0.7850502729415894,0.5676134824752808,0.5168423056602478,0.08944636583328247,0.03693930804729462,Bad - Slouching
344,0.7487404346466064,0.8725005388259888,0.3086926341056824,0.7849595546722412,0.563050389289856,0.5149685144424438,0.08754098415374756,0.03433385491371155,Bad - Slouching
345,0.7476578950881958,0.8723880052566528,0.29898279905319214,0.7964362502098083,0.5367482900619507,0.511404275894165,0.07595175504684448,0.013427942991256714,Bad - Slouching
346,0.746679425239563,0.8719320893287659,0.2979796230792999,0.7959028482437134,0.5261799097061157,0.5082704424858093,0.07602924108505249,0.003850385546684265,Bad - Slouching
347,0.745002269744873,0.8709997534751892,0.29552602767944336,0.7959086298942566,0.5197721719741821,0.5059459209442139,0.07509112358093262,-0.0004919767379760742,Bad - Slouching
348,0.743203341960907,0.8700206875801086,0.29247310757637024,0.7958285212516785,0.5129411816596985,0.5029646158218384,0.07419216632843018,-0.0048970431089401245,Bad - Slouching
349,0.7395363450050354,0.8650237917900085,0.28781089186668396,0.7830104827880859,0.5099615454673767,0.5002717971801758,0.08201330900192261,-0.003712072968482971,Bad - Slouching
350,0.739211916923523,0.8637506365776062,0.2845635414123535,0.7861195206642151,0.507573664188385,0.4980458617210388,0.07763111591339111,-0.004314064979553223,Bad - Slouching
351,0.7393326759338379,0.8611871600151062,0.2816283106803894,0.7886332869529724,0.5050439238548279,0.49760764837265015,0.07255387306213379,-0.005436569452285767,Bad - Slouching
352,0.7416442632675171,0.8567063212394714,0.2820534408092499,0.7980486154556274,0.5020197629928589,0.4966411292552948,0.058657705783843994,-0.009829089045524597,Bad - Slouching
353,0.7378809452056885,0.8399633765220642,0.2842784523963928,0.7608409523963928,0.5031000375747681,0.49547216296195984,0.07912242412567139,-0.007979661226272583,Bad - Slouching
354,0.737849771976471,0.8310502171516418,0.2849113643169403,0.7571250200271606,0.5045079588890076,0.4927078187465668,0.0739251971244812,-0.006872609257698059,Bad - Slouching
355,0.7256299257278442,0.822724461555481,0.28641277551651,0.7358213067054749,0.5053264498710632,0.4918312430381775,0.0869031548500061,-0.0006949007511138916,Bad - Slouching
356,0.7239617109298706,0.8191004395484924,0.2866112291812897,0.7320835590362549,0.5057421922683716,0.4901992678642273,0.08701688051223755,0.00045572221279144287,Bad - Slouching
357,0.7220278978347778,0.8197437524795532,0.2868307828903198,0.7353979349136353,0.5069156885147095,0.4892999827861786,0.08434581756591797,0.0024863481521606445,Bad - Slouching
358,0.720487654209137,0.8207342624664307,0.28430551290512085,0.7381051778793335,0.5077881813049316,0.48829010128974915,0.08262908458709717,0.005391597747802734,Bad - Slouching
359,0.7175130248069763,0.82166588306427,0.2751365900039673,0.7469924688339233,0.5082947015762329,0.48798617720603943,0.07467341423034668,0.011969894170761108,Bad - Slouching
360,0.7170739769935608,0.8221795558929443,0.27552884817123413,0.7482746839523315,0.5091673731803894,0.4879859983921051,0.07390487194061279,0.012865960597991943,Bad - Slouching
361,0.7171033620834351,0.8262538313865662,0.27590203285217285,0.7647311091423035,0.5125369429588318,0.4902673661708832,0.061522722244262695,0.016034245491027832,Bad - Slouching
362,0.7179412841796875,0.8265276551246643,0.2778964340686798,0.7647526264190674,0.5167844295501709,0.490875244140625,0.061775028705596924,0.018865570425987244,Bad - Slouching
363,0.7181652188301086,0.8272480368614197,0.2799772620201111,0.7690733075141907,0.5186999440193176,0.49099981784820557,0.058174729347229004,0.019628703594207764,Bad - Slouching
364,0.7150679230690002,0.8274257779121399,0.2801700234413147,0.761297881603241,0.5202710032463074,0.49116942286491394,0.06612789630889893,0.022652029991149902,Bad - Slouching
365,0.7151669859886169,0.8276026844978333,0.28090378642082214,0.7718797922134399,0.5203379988670349,0.4915218651294708,0.05572289228439331,0.02230261266231537,Bad - Slouching
366,0.715193510055542,0.8277439475059509,0.2822767496109009,0.7856799960136414,0.5204004049301147,0.49156638979911804,0.04206395149230957,0.02166527509689331,Good
367,0.7140638828277588,0.8279431462287903,0.28255099058151245,0.7835578322410583,0.5204557180404663,0.49155089259147644,0.044385313987731934,0.02214828133583069,Good
368,0.7113097906112671,0.8272057175636292,0.2833137512207031,0.7820144891738892,0.5205205678939819,0.49123141169548035,0.04519122838973999,0.023208796977996826,Good
369,0.7102434039115906,0.8269230127334595,0.28526026010513306,0.7815268635749817,0.5205918550491333,0.49114444851875305,0.04539614915847778,0.022840023040771484,Good
370,0.7100962400436401,0.8269116878509521,0.2876754403114319,0.7812395095825195,0.520652711391449,0.4910978376865387,0.04567217826843262,0.021766871213912964,Good
371,0.7096480131149292,0.826538622379303,0.29203468561172485,0.7800516486167908,0.5206988453865051,0.49111223220825195,0.04648697376251221,0.0198574960231781,Good
372,0.7097545266151428,0.8261426091194153,0.2963695824146271,0.7798687815666199,0.5207741856575012,0.4914685785770416,0.04627382755279541,0.017712131142616272,Good
373,0.7109764218330383,0.8276492953300476,0.30049198865890503,0.780569851398468,0.5210779905319214,0.4923655688762665,0.04707944393157959,0.015343785285949707,Good
374,0.712712287902832,0.828877329826355,0.30298104882240295,0.7817667722702026,0.5211142301559448,0.49440014362335205,0.047110557556152344,0.013267561793327332,Good
375,0.7187834978103638,0.8288552761077881,0.30493876338005066,0.7834488153457642,0.5211730599403381,0.49563920497894287,0.045406460762023926,0.00931192934513092,Good
376,0.7187774777412415,0.831561803817749,0.304889976978302,0.784761369228363,0.5216389298439026,0.4970938265323639,0.046800434589385986,0.00980520248413086,Good
377,0.7198818325996399,0.8355988264083862,0.30480071902275085,0.7846964597702026,0.5216720700263977,0.49861958622932434,0.050902366638183594,0.009330794215202332,Bad - Slouching
378,0.7202212810516357,0.8366047143936157,0.30465689301490784,0.7846530675888062,0.5217061638832092,0.49944111704826355,0.05195164680480957,0.009267076849937439,Bad - Slouching
379,0.723676323890686,0.837628960609436,0.3050888180732727,0.787489116191864,0.5217287540435791,0.501107931137085,0.05013984441757202,0.0073461830615997314,Bad - Slouching
380,0.7250833511352539,0.8395093083381653,0.3064195513725281,0.7900109887123108,0.5218706130981445,0.5026036500930786,0.04949831962585449,0.00611916184425354,Good
381,0.7261222004890442,0.8410493731498718,0.30740275979042053,0.7931733727455139,0.521903395652771,0.5031367540359497,0.04787600040435791,0.005140915513038635,Good
382,0.7260730862617493,0.8417872786521912,0.3074834942817688,0.7950651049613953,0.5218741297721863,0.504061758518219,0.0467221736907959,0.005095839500427246,Good
383,0.728326141834259,0.8425076007843018,0.30810317397117615,0.7978530526161194,0.5210905075073242,0.5044890642166138,0.04465454816818237,0.0028758496046066284,Good
384,0.7283480763435364,0.8439565896987915,0.308453232049942,0.8023058176040649,0.5207418203353882,0.5047456622123718,0.04165077209472656,0.002341166138648987,Good
385,0.7282577157020569,0.843725860118866,0.3085290789604187,0.8023703098297119,0.5206454992294312,0.5056494474411011,0.04135555028915405,0.0022521018981933594,Good
386,0.7285929322242737,0.8437786102294922,0.30869975686073303,0.8051680326461792,0.5203709602355957,0.5072982311248779,0.03861057758331299,0.0017246156930923462,Good
387,0.7285624146461487,0.8448486328125,0.3093265891075134,0.8051376938819885,0.5202808976173401,0.5079309344291687,0.039710938930511475,0.0013363957405090332,Good
388,0.72910475730896,0.8476141691207886,0.30932244658470154,0.80698561668396,0.5199941992759705,0.5088937878608704,0.04062855243682861,0.0007805973291397095,Good
389,0.728794276714325,0.8477023243904114,0.30936044454574585,0.8084009885787964,0.5200246572494507,0.5098015666007996,0.03930133581161499,0.0009472966194152832,Good
390,0.7255395650863647,0.847726583480835,0.309303879737854,0.8089287281036377,0.5200060606002808,0.5101991295814514,0.038797855377197266,0.0025843381881713867,Good
391,0.7255313992500305,0.8484300374984741,0.30896639823913574,0.8100411891937256,0.5199832916259766,0.5103961229324341,0.038388848304748535,0.0027343928813934326,Good
392,0.7249038815498352,0.8482580184936523,0.30849725008010864,0.8102817535400391,0.519925057888031,0.510725200176239,0.03797626495361328,0.003224492073059082,Good
393,0.724660336971283,0.8482086658477783,0.30844178795814514,0.8106845617294312,0.519811749458313,0.5111411213874817,0.03752410411834717,0.003260686993598938,Good
394,0.7247658967971802,0.848588228225708,0.3082119822502136,0.8137078881263733,0.5191336870193481,0.5120813250541687,0.03488034009933472,0.002644747495651245,Good
395,0.7243871688842773,0.8484351634979248,0.3084208071231842,0.8137519955635071,0.5165307521820068,0.5128456354141235,0.034683167934417725,0.000126764178276062,Good
396,0.7211191058158875,0.8535721898078918,0.30935513973236084,0.8261864185333252,0.5156233310699463,0.5132653117179871,0.02738577127456665,0.00038620829582214355,Good
397,0.7240709066390991,0.8521785140037537,0.30932196974754333,0.8263549208641052,0.5154714584350586,0.5132870674133301,0.025823593139648438,-0.0012249797582626343,Good
398,0.726908802986145,0.8511424660682678,0.3090328574180603,0.8273921608924866,0.5154510736465454,0.5133220553398132,0.02375030517578125,-0.002519756555557251,Good
399,0.7291275262832642,0.8494714498519897,0.3089536428451538,0.8326964974403381,0.5157073736190796,0.51390141248703,0.01677495241165161,-0.0033332109451293945,Good
400,0.7287675142288208,0.8494579792022705,0.3140130639076233,0.8338205218315125,0.515518069267273,0.5148369669914246,0.015637457370758057,-0.005872219800949097,Good
401,0.7272838354110718,0.8525486588478088,0.3169662654399872,0.8335199952125549,0.5154410600662231,0.5161064863204956,0.019028663635253906,-0.0066839903593063354,Good
402,0.7216817140579224,0.860415518283844,0.30633842945098877,0.8293687701225281,0.5155137777328491,0.5187098383903503,0.031046748161315918,0.0015037059783935547,Good
403,0.7173729538917542,0.8624395132064819,0.2882263660430908,0.8128877878189087,0.5186055898666382,0.5257044434547424,0.04955172538757324,0.015805929899215698,Good
404,0.7138445973396301,0.8623300194740295,0.2883603870868683,0.7838204503059387,0.5211880803108215,0.5309504270553589,0.07850956916809082,0.020085588097572327,Bad - Slouching
405,0.7150747776031494,0.8619832992553711,0.289067804813385,0.7811638116836548,0.5216525793075562,0.5348978042602539,0.08081948757171631,0.01958128809928894,Bad - Slouching
406,0.7163516283035278,0.8618159890174866,0.2900232672691345,0.7837836146354675,0.5218424201011658,0.5365167260169983,0.07803237438201904,0.018654972314834595,Bad - Slouching
407,0.7198861837387085,0.8617007732391357,0.28978028893470764,0.7855930328369141,0.5218137502670288,0.5367950201034546,0.07610774040222168,0.01698051393032074,Bad - Slouching
408,0.7205667495727539,0.8616379499435425,0.28965306282043457,0.7870781421661377,0.5223823189735413,0.5381999611854553,0.07455980777740479,0.01727241277694702,Bad - Slouching
409,0.7230194807052612,0.8617224097251892,0.2844550311565399,0.788537859916687,0.5232925415039062,0.5383641719818115,0.0731845498085022,0.019555285573005676,Bad - Slouching
410,0.7231245040893555,0.8609643578529358,0.280107319355011,0.7865610122680664,0.5235239267349243,0.5391274690628052,0.07440334558486938,0.02190801501274109,Bad - Slouching
411,0.7246133685112,0.8596600294113159,0.2792169451713562,0.786946177482605,0.5228625535964966,0.5397917628288269,0.07271385192871094,0.020947396755218506,Bad - Slouching
412,0.7247124910354614,0.8596572875976562,0.277671754360199,0.7887296080589294,0.5230991840362549,0.540610134601593,0.0709276795387268,0.021907061338424683,Bad - Slouching
413,0.7261139154434204,0.8594067692756653,0.2791527807712555,0.7897327542304993,0.5244830250740051,0.5437377691268921,0.06967401504516602,0.021849676966667175,Bad - Slouching
414,0.726697564125061,0.8596595525741577,0.27948838472366333,0.7940475344657898,0.5259079337120056,0.5450088977813721,0.06561201810836792,0.022814959287643433,Bad - Slouching
415,0.7254745364189148,0.8594533801078796,0.27973082661628723,0.7937962412834167,0.5268338322639465,0.5465807318687439,0.06565713882446289,0.02423115074634552,Bad - Slouching
416,0.7246178388595581,0.8596265912055969,0.27989476919174194,0.7932919859886169,0.5274020433425903,0.547635018825531,0.06633460521697998,0.025145739316940308,Bad - Slouching
417,0.7240293025970459,0.8577014207839966,0.28138843178749084,0.7909263372421265,0.5282317399978638,0.549505889415741,0.06677508354187012,0.025522872805595398,Bad - Slouching
418,0.7218303680419922,0.8584827184677124,0.2819003164768219,0.7898231148719788,0.5327170491218567,0.5532270669937134,0.06865960359573364,0.030851706862449646,Bad - Slouching
