timestamp,posture,Voice State,movement_status,Emotion Detection,temperature_C,pressure_hPa,humidity_%,light_lux,ambient_IR_K,skin_temperature_C,core_temperature_C,CCT_K,Heart Rate (bpm),rms,X,Y,Speed,left_shoulder_x,left_shoulder_y,right_shoulder_x,right_shoulder_y,nose_x,nose_y,nose_z,shoulder_diff,head_forward,bad_posture_streak,depth_change,Pitch (Hz),Jitter,Shimmer,WPM,Avg Sentence Length,Stutters
2025-08-13 13:51:20,poor,silent,still,fear,23.66,995.47,57.63,119.07,298.99,27.5,28.0,3375.35,100.0,0.00102,2540.0,941.0,125.0,0.7098465562,0.7802087366499999,0.13761984555,0.63023096325,0.2405448556,0.44068369269999996,-0.8516425490499999,0.14997777345000002,-0.1831883453,542.5,0.0037678837775,27.5,0.0,0.0,0.0,0.0,0.0
2025-08-13 13:51:25,poor,silent,still,fear,23.6625,995.4725000000001,57.715,119.07,298.97,27.505,28.005,3367.96,100.0,0.00121975,2542.75,941.0,312.5,0.709713757025,0.778521373875,0.1396858059,0.6288155913,0.242192078375,0.435961224125,-0.8539233506,0.149705782525,-0.1825077031,545.5,0.001567736268,27.5,0.0,0.0,0.0,0.0,0.0
2025-08-13 13:51:30,poor,silent,still,fear,23.6625,995.46,58.2925,119.07,298.975,27.46,27.96,3363.7749999999996,100.0,0.00106275,2549.75,941.0,520.833333325,0.7103766203,0.779364213375,0.1407435611,0.627517998225,0.2450761497,0.433662720025,-0.855252102,0.151846215125,-0.180483941,549.5,0.0014876008035749999,27.5,0.0,0.0,0.0,0.0,0.0
2025-08-13 13:51:35,poor,silent,still,fear,23.6725,995.4825000000001,57.7175,119.07,298.96500000000003,27.535,28.035,3366.3575,100.0,0.000996,2563.0,941.0,1012.5,0.711451381425,0.78201785685,0.141772810375,0.62498655915,0.24505017325,0.426713258025,-0.8927783221000001,0.15703129767500001,-0.18156192264999998,553.5,0.008063262702,27.5,0.0,0.0,0.0,0.0,0.0
2025-08-13 13:51:40,poor,silent,moving,fear,23.675,995.47,58.045,119.07,298.96500000000003,27.54,28.04,3366.3575,100.0,0.000918,2586.5,940.5,1836.4505595,0.711684390925,0.777065902975,0.1264254301775,0.634722217925,0.342751063425,0.421878390025,-1.226671427425,0.1423436850375,-0.07630384712,557.5,0.06916248796499999,27.5,0.0,0.0,0.0,0.0,0.0
2025-08-13 13:51:45,poor,silent,moving,neutral,23.6725,995.47,57.5125,119.07,298.94,27.55,28.05,3367.96,100.0,0.0014055,2625.5,939.5,2939.90030075,0.723469436175,0.753160879,0.1005582809575,0.668192550525,0.490512229475,0.435185112075,-1.82316380725,0.084968328475,0.0784983709475,561.5,0.147982376825,27.5,0.0,0.0,0.0,0.0,0.0
2025-08-13 13:51:50,poor,silent,still,neutral,23.665,995.4925000000001,57.675,119.07,298.94,27.535,28.035,3369.5625,100.0,0.0008280000000000001,2673.5,935.75,3583.26235925,0.768610104925,0.741842329525,0.132750252275,0.6745674163,0.556341007325,0.45048746465,-2.0224318805,0.06727491319000001,0.10566082876999999,565.5,0.0693430364095,27.5,0.0,0.0,0.0,0.0,0.0
2025-08-13 13:51:55,poor,silent,still,neutral,23.6675,995.49,57.325,119.07,298.935,27.58,28.08,3373.7475,100.5,0.0007845,2723.5,932.25,2880.34652925,0.80825683475,0.730102553975,0.18535827845,0.684395834825,0.6286625266,0.463297478875,-1.7108341155,0.0457067191575,0.13185497000000002,569.5,0.071508359895,27.5,0.0,0.0,0.0,0.0,0.0
2025-08-13 13:52:00,poor,silent,still,fear,23.67,995.475,57.69,119.07,298.93,27.575,28.075,3369.5625,101.0,0.0005855,2773.25,932.0,3437.5,0.832247272125,0.73278310895,0.20910013465,0.701628640275,0.6646258384,0.46070340275,-1.48892539725,0.0311544686575,0.143952135,573.5,0.0592688024025,27.5,0.0,0.0,0.0,0.0,0.0
2025-08-13 13:52:05,poor,silent,still,neutral,23.67,995.46,57.692499999999995,119.07,298.93,27.61,28.11,3372.04,102.0,0.0004905,2819.5,932.75,2632.0413995,0.827862471375,0.72071400285,0.231068540375,0.685082003475,0.670957580225,0.461215287425,-1.5592130422500001,0.035631999375,0.14149207435,577.5,0.031090778112500002,27.5,0.0,0.0,0.0,0.0,0.0
2025-08-13 13:52:10,poor,silent,still,neutral,23.677500000000002,995.47,57.7025,119.07,298.925,27.615,28.115,3381.4700000000003,103.0,0.00056975,2853.75,936.5,1755.79499975,0.82768948375,0.73650595545,0.22618263215,0.682756572975,0.6384208649499999,0.47501663120000004,-1.7035171089999999,0.053749382495,0.111484806975,581.5,0.044596248865,27.5,0.0,0.0,0.0,0.0,0.0
2025-08-13 13:52:15,poor,silent,still,neutral,23.675,995.475,57.87,119.07,298.925,27.635,28.135,3383.51,103.0,0.0004972500000000001,2871.75,939.25,836.165492,0.827307939525,0.755506291975,0.208294272425,0.69834010305,0.6131970733250001,0.484269931925,-1.793669075,0.057166188955,0.09539596736,585.5,0.01747279763325,27.5,0.0,0.0,0.0,0.0,0.0
2025-08-13 13:52:20,poor,silent,still,neutral,23.67,995.475,57.995,119.07,298.92,27.615,28.115,3367.855,103.0,0.00055225,2878.0,940.25,156.25,0.8270893395,0.764115050425,0.19359921292499999,0.70825062695,0.597510814675,0.483813785025,-1.9139520825,0.055864423515,0.0871665384625,589.5,0.0273521721365,27.5,0.0,0.0,0.0,0.0,0.0
2025-08-13 13:52:25,poor,silent,still,neutral,23.6625,995.46,57.807500000000005,119.07,298.905,27.61,28.11,3373.6425,103.25,0.0006425,2878.0,942.25,32.7272727275,0.825871706025,0.766830429425,0.180491376675,0.7307949363999999,0.585935160525,0.4830713272,-1.5128909945,0.0360354930175,0.08275361918,593.5,0.0740691780975,27.5,0.0,0.0,0.0,0.0,0.0
2025-08-13 13:52:30,poor,silent,still,neutral,23.6625,995.445,57.6,119.07,298.92,27.625,28.125,3389.4,104.0,0.001053,2877.25,943.75,218.75,0.8245912790250001,0.782224074025,0.1648196727,0.734980911,0.5783980935999999,0.48320125045,-1.47792232025,0.047243162987500004,0.08369261771,597.5,0.036435967684,27.5,0.0,0.0,0.0,0.0,0.0
2025-08-13 13:52:35,poor,silent,still,neutral,23.655,995.445,57.7025,119.07,298.93,27.625,28.125,3383.51,103.5,0.00100375,2871.5,944.0,500.0,0.8237159848,0.795375362,0.15765559672499999,0.739708125575,0.5724518746,0.48804081232499996,-1.44303995375,0.055667236447500004,0.0817660838375,601.5,0.0242120981225,27.5,0.0,0.0,0.0,0.0,0.0
2025-08-13 13:52:40,poor,silent,still,neutral,23.634999999999998,995.4575,57.8125,119.07,298.92,27.64,28.14,3375.6825,103.25,0.000604,2857.25,944.0,1137.5,0.822383090825,0.79540130495,0.156216252575,0.750650420775,0.56808042525,0.49025537077500003,-1.343748361,0.044750884175,0.07878075354,605.5,0.021210849286425,27.5,0.0,0.0,0.0,0.0,0.0
2025-08-13 13:52:45,poor,silent,still,neutral,23.62,995.4525000000001,57.7175,119.07,298.90999999999997,27.619999999999997,28.119999999999997,3383.51,104.0,0.0005345,2835.5,941.75,1549.4519707499999,0.8219486773,0.796850025675,0.1596269384,0.75342474875,0.563510283825,0.4902676344,-1.3583652975,0.043425276875,0.0727224759775,609.5,0.013713532686750001,27.5,0.0,0.0,0.0,0.0,0.0
2025-08-13 13:52:50,poor,silent,still,neutral,23.6175,995.445,57.7275,119.07,298.9,27.625,28.125,3375.6825,103.25,0.0005510000000000001,2802.25,935.75,2415.0925835,0.8212907612,0.79958175125,0.1575548984,0.743235692375,0.5630353242,0.488812960675,-1.4549358485,0.056346058845000005,0.0736124943925,613.5,0.020086908340250002,27.5,0.0,0.0,0.0,0.0,0.0
2025-08-13 13:52:55,poor,silent,still,fear,23.62,995.465,57.855000000000004,119.07,298.9,27.68,28.18,3375.6825,103.0,0.0005465,2764.0,927.0,2668.22863675,0.8193008750499999,0.793130680925,0.15904860572500001,0.726892218,0.554705187675,0.487813077875,-1.6053227782500001,0.06623846292499999,0.06553044729,617.5,0.03609226942,27.5,0.0,0.0,0.0,0.0,0.0
2025-08-13 13:53:00,poor,silent,still,neutral,23.625,995.4725000000001,57.7525,119.07,298.91499999999996,27.67,28.17,3383.51,102.25,0.000559,2719.0,916.0,2835.65395925,0.8179350942,0.7897016853250001,0.158731888975,0.7258026153,0.54932282865,0.49588710067499997,-1.573938161,0.063899070025,0.0609893370425,621.5,0.01221117377375,27.5,0.0,0.0,0.0,0.0,0.0
2025-08-13 13:53:05,poor,silent,still,neutral,23.6425,995.4725000000001,57.69,119.07,298.905,27.655,28.155,3375.6825,101.0,0.00057425,2668.25,902.5,3628.965542,0.8202778548,0.788866207,0.161769494425,0.7266521156,0.48952544480000004,0.49344535172500004,-1.2874536215,0.06221409142,-0.0014982298007500004,625.5,0.061518269775,27.5,0.0,0.0,0.0,0.0,0.0
2025-08-13 13:53:10,poor,silent,still,neutral,23.6525,995.4575,57.7525,119.07,298.90999999999997,27.66,28.16,3383.51,101.5,0.00052675,2620.75,889.75,2579.56839825,0.821517229075,0.784237995775,0.18219863997500002,0.703937485825,0.45825422555,0.484903089725,-1.1218345462500001,0.0803005099275,-0.04360370897,629.5,0.059336775540000004,27.5,0.0,0.0,0.0,0.0,0.0
2025-08-13 13:53:15,poor,silent,still,neutral,23.6425,995.49,57.96,119.07,298.905,27.64,28.14,3374.185,101.5,0.0005245,2591.5,884.0,1314.91727275,0.8162610382000001,0.7806636989,0.190308842825,0.68519337475,0.41623388975000003,0.448016054925,-1.07803040725,0.09547032416000001,-0.0870510507375,633.5,0.01034011244675,27.5,0.0,0.0,0.0,0.0,0.0
2025-08-13 13:53:20,poor,silent,still,neutral,23.622500000000002,995.4725000000001,57.7,119.07,298.895,27.63,28.13,3368.94,100.5,0.00058925,2583.0,883.0,250.0,0.810541927825,0.779549241075,0.187306962925,0.67180742325,0.391017720075,0.425302229825,-1.00600276895,0.10774181785,-0.107906725275,637.5,0.0148762077075,27.5,0.0,0.0,0.0,0.0,0.0
2025-08-13 13:53:25,poor,silent,still,fear,23.6175,995.475,57.7575,119.07,298.9,27.615,28.115,3368.94,100.0,0.00056275,2580.5,883.0,93.75,0.806254670025,0.7784756571,0.18333822114999998,0.671087369325,0.37634176015,0.422085091475,-0.966101720925,0.10738828777500001,-0.11845468545,641.5,0.01096223592575,27.5,0.0,0.0,0.0,0.0,0.0
2025-08-13 13:53:30,poor,silent,still,fear,23.62,995.45,57.7975,119.07,298.9,27.65,28.15,3368.94,99.5,0.00054675,2579.75,884.5,118.75,0.804897889525,0.77663503585,0.178449597175,0.6713314205500001,0.3715030998,0.4183711782,-0.954589784125,0.10530361534999999,-0.12017064352500001,645.5,0.0064899802204999996,27.5,0.0,0.0,0.0,0.0,0.0
2025-08-13 13:53:35,poor,silent,still,angry,23.61,995.4225,57.917500000000004,119.07,298.895,27.63,28.13,3368.94,99.0,0.0005865,2579.0,888.0,291.666666675,0.8034431934499999,0.771485939625,0.174240004275,0.672570347775,0.370590850725,0.4158677757,-0.976205289375,0.0989155918425,-0.118250748125,649.5,0.004555091262,27.5,0.0,0.0,0.0,0.0,0.0
2025-08-13 13:53:40,poor,silent,still,fear,23.5975,995.4375,57.697500000000005,119.07,298.895,27.67,28.17,3370.5425,99.0,0.001128,2579.5,893.75,364.7542486,0.80193679035,0.7683722078999999,0.1740050316,0.6712115705,0.3699424267,0.4154047221,-0.9938802719,0.09716063738,-0.118028484275,653.5,0.005525380373249999,27.5,0.0,0.0,0.0,0.0,0.0
2025-08-13 13:53:45,poor,silent,still,fear,23.61,995.45,58.0375,119.07,298.895,27.65,28.15,3373.6425,99.25,0.00103675,2580.5,899.5,389.7542486,0.8016737550499999,0.768691599375,0.1732738912,0.671476259825,0.3700331673,0.414422973975,-1.00857675075,0.0972153395425,-0.1174406558,657.5,0.00391568243525,27.5,0.0,0.0,0.0,0.0,0.0
2025-08-13 13:53:50,poor,silent,still,fear,23.61,995.4275,57.7675,119.07,298.88,27.665,28.165,3363.7749999999996,101.0,0.0008755,2581.0,903.5,187.5,0.8013837188499999,0.770546048875,0.16937654092499999,0.67423558235,0.371049955475,0.41288449615,-1.01390895225,0.0963104665275,-0.114330174375,661.5,0.00187243521225,27.5,0.0,0.0,0.0,0.0,0.0
2025-08-13 13:53:55,poor,silent,still,fear,23.6175,995.42,57.54,119.07,298.865,27.645,28.145,3368.94,101.5,0.00054175,2581.0,906.0,112.5,0.8014729321,0.771887823925,0.163708742725,0.686455294475,0.37381786107500004,0.40983814,-0.9653933198,0.0854325294475,-0.10877297632499999,665.5,0.009881171584925,27.5,0.0,0.0,0.0,0.0,0.0
2025-08-13 13:54:00,poor,silent,still,neutral,23.615000000000002,995.42,57.585,119.07,298.87,27.700000000000003,28.200000000000003,3368.94,101.5,0.0007095,2581.0,908.75,187.5,0.8016924410999999,0.764474526075,0.16487021745,0.6829717159250001,0.378486029775,0.408555053175,-0.9495309293499999,0.08150281011999999,-0.104795299475,669.5,0.00911074578975,27.5,0.0,0.0,0.0,0.0,0.0
2025-08-13 13:54:05,poor,silent,still,neutral,23.625,995.425,57.585,119.07,298.875,27.700000000000003,28.200000000000003,3370.5425,104.5,0.0008475,2581.0,913.25,416.666666675,0.802814647575,0.766796231275,0.165582783525,0.678931489625,0.39174760135,0.40234184265,-1.015450760725,0.0878647416825,-0.09245111420999999,673.5,0.014094644784850001,27.5,0.0,0.0,0.0,0.0,0.0
2025-08-13 13:54:10,poor,silent,still,neutral,23.62,995.4300000000001,57.7525,119.07,298.86,27.68,28.18,3368.94,107.5,0.00085625,2581.0,919.75,362.5,0.8047952503,0.775301903475,0.1712635644,0.674232676625,0.414155058575,0.4058757797,-1.08595767625,0.1010692268575,-0.0738743487775,677.5,0.01914341449575,27.5,0.0,0.0,0.0,0.0,0.0
2025-08-13 13:54:15,poor,silent,still,neutral,23.615000000000002,995.44,57.845,119.07,298.875,27.68,28.18,3368.94,107.0,0.0006745,2581.0,924.25,187.5,0.8043164014499999,0.7677995413250001,0.173223920175,0.686647713175,0.46768666802500003,0.4523431137,-1.1702227295,0.0811518281675,-0.02108349278725,681.5,0.01938592791415,27.5,0.0,0.0,0.0,0.0,0.0
2025-08-13 13:54:20,good,silent,moving,fear,23.6125,995.4325,57.7425,119.07,298.855,27.69,28.19,3375.7875,106.25,0.00062575,2581.0,927.0,187.5,0.8033914417,0.759572893375,0.16730776057500002,0.71598283945,0.52003751695,0.474322013575,-1.5452085135,0.043590053914999996,0.034687915815,171.0,0.08641876579999999,27.5,0.0,0.0,0.0,0.0,0.0
2025-08-13 13:54:25,poor,silent,still,neutral,23.615000000000002,995.44,58.025,119.07,298.855,27.72,28.22,3373.6425,105.5,0.000531,2580.25,930.25,144.257627225,0.80385775865,0.756894618275,0.15283325315000001,0.753296718,0.5576298684000001,0.475919507425,-1.7330085935,0.007306143641975,0.07928436249250001,2.5,0.05169577599,27.5,0.0,0.0,0.0,0.0,0.0
2025-08-13 13:54:30,poor,silent,still,neutral,23.627499999999998,995.4325,58.0675,119.07,298.86,27.72,28.22,3375.7875,105.0,0.00059225,2579.5,934.0,320.710678125,0.804938912375,0.751700833425,0.15098970012500001,0.7543491721,0.57292465865,0.478201620275,-1.7383286657500001,0.0026483386754999998,0.094960352405,6.5,0.02246989607925,27.5,0.0,0.0,0.0,0.0,0.0
2025-08-13 13:54:35,poor,silent,still,neutral,23.625,995.4425,57.9325,119.07,298.85,27.77,28.27,3372.145,105.0,0.00050025,2579.0,938.0,208.333333325,0.8071125596750001,0.751455515625,0.1523937285,0.7590311467499999,0.5839976668,0.4851319641,-1.83708226675,0.0075756311428,0.1042445227425,10.5,0.02359062433,27.5,0.0,0.0,0.0,0.0,0.0
2025-08-13 13:54:40,poor,silent,still,sad,23.6125,995.42,57.7475,119.07,298.84999999999997,27.755,28.255,3373.7475,105.25,0.000717,2579.0,940.0,21.722560975,0.808065265425,0.7492697239,0.1549827084,0.7602204233500001,0.593159377575,0.49380952865,-1.8630120755,0.01095069944675,0.111635390675,14.5,0.0142685413365,27.5,0.0,0.0,0.0,0.0,0.0
2025-08-13 13:54:45,poor,silent,still,fear,23.6125,995.45,57.7275,119.07,298.84,27.685000000000002,28.185000000000002,3367.855,106.0,0.0006145,2583.75,918.0,3663.3307523148,0.80989716945,0.7467353344000001,0.158802744,0.7492032796,0.592824161025,0.49589431285,-2.025802642,0.0030425041915,0.108474204325,18.5,0.0373911440375,27.5,0.0,0.0,0.0,0.0,0.0
2025-08-13 13:54:50,poor,silent,still,neutral,23.6175,995.445,57.6325,119.07,298.84,27.71,28.21,3371.6025,107.0,0.00058625,2593.0,875.5,3151.14447725,0.8107985109,0.746539518225,0.158901851625,0.7494249344,0.593252345925,0.49984665215,-1.970326394,0.0028854161499,0.10840216465,22.5,0.01804417371675,27.5,0.0,0.0,0.0,0.0,0.0
2025-08-13 13:54:55,poor,silent,still,neutral,23.62,995.4449999999999,57.677499999999995,119.07,298.835,27.685000000000002,28.185000000000002,3383.51,107.5,0.000545,2606.25,817.0,4355.890321,0.8097886294000001,0.7436852455,0.15976269545,0.7471058070500001,0.595692470675,0.501660436375,-1.8203564285,0.0043854415417,0.110916808275,26.5,0.032853496075,27.5,0.0,0.0,0.0,0.0,0.0
2025-08-13 13:55:00,poor,silent,still,neutral,23.622500000000002,995.43,57.9125,119.07,298.85,27.66,28.16,3367.96,107.0,0.00054275,2615.25,723.0,7575.2713137499995,0.802294731125,0.724182486525,0.16528753565,0.7324705869,0.594823792575,0.498685061925,-1.8981334269999999,0.008288100363,0.111032659175,30.5,0.0389293134225,27.5,0.0,0.0,0.0,0.0,0.0
2025-08-13 13:55:05,poor,silent,still,neutral,23.62,995.4325,57.5225,119.07,298.825,27.73,28.23,3368.94,106.5,0.0005329999999999999,2597.0,531.5,14150.500092499999,0.779278978725,0.708919897675,0.156670544325,0.724469363675,0.5894097984,0.489562585925,-2.06964516625,0.015549466015,0.1214350369,34.5,0.0431504547625,27.5,0.0,0.0,0.0,0.0,0.0
2025-08-13 13:55:10,poor,silent,still,neutral,23.6175,995.4225,58.035,119.07,298.83,27.695,28.195,3372.145,105.5,0.00056025,2543.75,315.0,13367.2896,0.75139063595,0.68758401275,0.13802881914999998,0.712285012,0.576296091075,0.48262651265,-2.11824202525,0.024700999260000002,0.13158636355,38.5,0.0135584294775,27.5,0.0,0.0,0.0,0.0,0.0
2025-08-13 13:55:15,poor,silent,still,neutral,23.6125,995.445,57.77,119.07,298.825,27.685000000000002,28.185000000000002,3362.1724999999997,105.0,0.00053525,2494.25,129.75,11081.58680375,0.68402417005,0.61152884365,0.116992034,0.6784438789,0.567922234525,0.492680750775,-1.8303714097500001,0.066915035245,0.16741413249999998,42.5,0.055291575184,27.5,0.0,0.0,0.0,0.0,0.0
2025-08-13 13:55:20,poor,silent,still,neutral,23.6075,995.4475,58.0775,119.07,298.83,27.745,28.245,3372.145,105.0,0.000549,2455.25,-11.5,6769.88107075,0.66396836935,0.598867356775,0.108759790675,0.67870995405,0.5600260794,0.5058323740999999,-1.604732156,0.0798425972475,0.1736619994,46.5,0.07145932914,27.5,0.0,0.0,0.0,0.0,0.0
2025-08-13 13:55:25,poor,silent,still,neutral,23.6025,995.435,57.7475,119.07,298.82,27.69,28.19,3368.94,103.75,0.00112725,2439.25,-21.25,1808.593865875,0.670793026675,0.6051827222,0.13777244090000001,0.6565504968,0.5461385548,0.498541161425,-1.50498318675,0.051367774605,0.141855821,50.5,0.0233928859235,27.5,0.0,0.0,0.0,0.0,0.0
2025-08-13 13:55:30,poor,silent,still,neutral,23.6075,995.4300000000001,58.1975,119.07,298.82,27.700000000000003,28.200000000000003,3368.94,102.75,0.00056425,2435.25,-10.75,553.17307815,0.672629758725,0.6082547754000001,0.17997939885,0.648395210525,0.5410026759,0.4753450975,-1.386230856,0.040140435099999996,0.11469809710000001,54.5,0.023695468905,27.5,0.0,0.0,0.0,0.0,0.0
2025-08-13 13:55:35,poor,silent,still,neutral,23.605,995.4225,57.629999999999995,119.07,298.805,27.725,28.225,3368.94,102.5,0.00051475,2434.25,-4.75,423.087581925,0.6763017475499999,0.6059834659250001,0.21026413515,0.65171574055,0.54338002205,0.466861449175,-1.5736048817500001,0.0457322746525,0.100097080695,58.5,0.04733583927,27.5,0.0,0.0,0.0,0.0,0.0
2025-08-13 13:55:40,poor,silent,moving,neutral,23.605,995.4225,57.865,119.07,298.805,27.755,28.255,3368.94,102.5,0.00053,2433.0,0.25,212.6709152675,0.669574141475,0.56871151925,0.237246226525,0.59621845185,0.54838728905,0.440926387925,-1.046764582375,0.02915970981,0.09497710503250001,62.5,0.1018698692175,27.5,0.0,0.0,0.0,0.0,0.0
2025-08-13 13:55:45,poor,silent,moving,neutral,23.6025,995.4325,57.62,119.07,298.8,27.745,28.245,3368.94,101.5,0.0007985,2431.75,7.75,582.7847075,0.6743481904249999,0.566262349475,0.253938250225,0.580600470325,0.53519798815,0.4126395732,-1.2000072003,0.014338120817,0.07105476782,66.5,0.061048666926675,27.5,0.0,0.0,0.0,0.0,0.0
2025-08-13 13:55:50,poor,silent,moving,neutral,23.595,995.395,57.567499999999995,119.07,298.815,27.71,28.21,3368.94,101.5,0.00051825,2430.5,14.5,389.7542486,0.68156556785,0.5871439129,0.22888361287499998,0.67414984105,0.50702136755,0.42026513815,-1.663531691,0.087005928155,0.051796777175,70.5,0.1202329993325,27.5,0.0,0.0,0.0,0.0,0.0
2025-08-13 13:55:55,poor,silent,still,angry,23.59,995.4325,58.295,119.07,298.8,27.675,28.175,3368.94,102.0,0.000581,2429.25,24.25,760.14235375,0.67569455505,0.607927173375,0.19841254875,0.7108206152750001,0.485237360025,0.43081784995,-1.946740508,0.102893441925,0.0481838081025,74.5,0.0696992695326,27.5,0.0,0.0,0.0,0.0,0.0
2025-08-13 13:56:00,poor,silent,still,sad,23.595,995.3924999999999,57.78,119.07,298.78999999999996,27.67,28.17,3368.94,101.75,0.0005272499999999999,2429.0,39.0,1000.0,0.676944762475,0.6131812781,0.191629350175,0.716288104675,0.4828213528,0.44680846482500003,-1.7365692555,0.1031068265375,0.0485342964525,78.5,0.04311503172,27.5,0.0,0.0,0.0,0.0,0.0
2025-08-13 13:56:05,good,silent,still,sad,23.59,995.4024999999999,57.7475,119.07,298.78,27.665,28.165,3368.94,101.0,0.000497,2429.0,57.5,1491.6666667499999,0.698969632425,0.6253693997750001,0.199292015275,0.69386447965,0.493658356375,0.4575176239,-1.8069983125,0.0684950798775,0.0445275325325,61.5,0.013166391848,27.5,0.0,0.0,0.0,0.0,0.0
2025-08-13 13:56:10,poor,silent,still,sad,23.5875,995.4475,57.92,119.07,298.78499999999997,27.665,28.165,3368.94,100.25,0.0005905,2430.25,78.25,1582.98767,0.708338633175,0.63834904135,0.2121954076,0.69255423545,0.518447190525,0.47383939475000003,-1.98372697825,0.054205194115,0.058180170135,2.5,0.0296401202675,27.5,0.0,0.0,0.0,0.0,0.0
2025-08-13 13:56:15,poor,silent,still,fear,23.575,995.46,57.4825,119.07,298.78499999999997,27.68,28.18,3368.94,100.0,0.00046350000000000004,2431.5,98.25,1068.6887195,0.704815328125,0.6488035023250001,0.21718512847500002,0.7160719186,0.527579113825,0.49431534109999997,-2.01423820825,0.067268416285,0.06657888554,6.5,0.042517340195,27.5,0.0,0.0,0.0,0.0,0.0
2025-08-13 13:56:20,poor,silent,still,neutral,23.5775,995.445,58.075,119.07,298.78,27.695,28.195,3368.94,100.0,0.0005395,2432.75,114.75,1101.382821,0.6959274262249999,0.641689658175,0.230472009625,0.67797639965,0.52765649555,0.46703574062500003,-1.7254789772499999,0.036286741495,0.0644567776475,10.5,0.06963520646,27.5,0.0,0.0,0.0,0.0,0.0
2025-08-13 13:56:25,poor,silent,still,neutral,23.5775,995.4425,57.4275,119.07,298.78,27.695,28.195,3368.94,102.25,0.00049925,2434.75,130.0,1049.91829275,0.696115612975,0.640814587475,0.24025342987499998,0.669763371325,0.52570036055,0.452431827775,-1.7778899670000001,0.028948783875000002,0.0575158391125,14.5,0.015511775016,27.5,0.0,0.0,0.0,0.0,0.0
2025-08-13 13:56:30,poor,silent,still,neutral,23.5775,995.4475,57.835,119.07,298.78,27.68,28.18,3372.145,102.5,0.000549,2435.0,147.75,1125.0,0.69723282755,0.640176892275,0.2418815717,0.67424489555,0.5258418917750001,0.455208614475,-1.91427132475,0.034068003297499996,0.056284692135,18.5,0.03302770853,27.5,0.0,0.0,0.0,0.0,0.0
2025-08-13 13:56:35,poor,silent,still,neutral,23.58,995.45,57.525,119.07,298.775,27.675,28.175,3369.5625,109.75,0.00057375,2433.75,169.25,1485.982555,0.7024075537750001,0.649024471625,0.21818818525,0.7479006797000001,0.5334753841,0.493351846925,-2.30835634475,0.0988762080925,0.07317751459749999,22.5,0.087782025345,27.5,0.0,0.0,0.0,0.0,0.0
2025-08-13 13:56:40,poor,silent,still,neutral,23.58,995.4425,57.305,119.07,298.75,27.66,28.16,3383.51,110.0,0.00053725,2427.5,190.5,1364.1616952499999,0.729593291875,0.6624912470500001,0.20122900232500002,0.76233886185,0.535280242575,0.500289686025,-2.35781288125,0.09984761476000001,0.06986909546,26.5,0.02943730354415,27.5,0.0,0.0,0.0,0.0,0.0
2025-08-13 13:56:45,poor,silent,still,fear,23.57,995.4549999999999,58.43,119.07,298.755,27.69,28.19,3365.815,109.75,0.00060025,2421.0,207.5,1235.48950525,0.73101258275,0.662076294425,0.19358513505,0.731888726375,0.5338600427,0.4703445658,-2.1374124290000003,0.06981243193,0.07156118378250001,30.5,0.041465795040999995,27.5,0.0,0.0,0.0,0.0,0.0
2025-08-13 13:56:50,poor,silent,still,neutral,23.560000000000002,995.46,57.46666666666667,119.07,298.73333333333335,27.69666666666667,28.19666666666667,3367.633333333333,108.0,0.0005586666666666666,2415.3333333333335,223.0,1217.274162,0.7052628994,0.6570069789666667,0.20131152870000002,0.6680451035666667,0.5278385281666668,0.45350989696666666,-1.9413713613333332,0.011038124559,0.07455131411666667,34.0,0.08533593813333333,27.5,0.0,0.0,0.0,0.0,0.0
2025-08-13 13:56:55,poor,silent,still,neutral,23.5675,995.4375,58.205,119.07,298.74,27.715,28.215,3367.96,107.25,0.00060575,2412.75,236.75,823.6396952499999,0.69465200605,0.66388323905,0.201685335475,0.6754501014750001,0.523335725075,0.45178254695,-1.965923637,0.0115668624645,0.07516705431000001,37.5,0.01637308001375,27.5,0.0,0.0,0.0,0.0,0.0
2025-08-13 13:57:00,poor,silent,still,neutral,23.5625,995.42,58.125,119.07,298.71000000000004,27.66,28.16,3375.35,107.0,0.0005355,2412.0,250.0,750.0,0.702033460125,0.69019396605,0.1928746961,0.735899865625,0.52970837055,0.462898030875,-2.023473561,0.0457058996,0.082254292445,41.5,0.01804734468625,27.5,0.0,0.0,0.0,0.0,0.0
2025-08-13 13:57:05,poor,silent,still,neutral,23.56,995.4300000000001,57.8575,119.07,298.7,27.755,28.255,3373.7475,106.75,0.000528,2410.25,259.5,550.78495,0.7331213653249999,0.70273955165,0.192821282925,0.732754826525,0.5357493758,0.465091280625,-2.00345939375,0.030015274883,0.07277805172,45.5,0.0056246817105,27.5,0.0,0.0,0.0,0.0,0.0
2025-08-13 13:57:10,poor,silent,still,neutral,23.557499999999997,995.4325,57.769999999999996,119.07,298.69,27.765,28.265,3368.94,106.0,0.0005735,2408.5,264.5,249.102633375,0.7685519606,0.74637535215,0.194861505175,0.721191868175,0.542988032125,0.44570542125,-1.83881488425,0.025183483957500002,0.06128129922,49.5,0.03927614093,27.5,0.0,0.0,0.0,0.0,0.0
2025-08-13 13:57:15,poor,silent,still,neutral,23.557499999999997,995.455,57.555,119.07,298.71000000000004,27.715,28.215,3364.755,107.0,0.000627,2407.25,266.5,104.166666675,0.7742575407250001,0.754041910175,0.2029214017,0.707643717525,0.55136795345,0.442713461825,-1.8006275892499999,0.046398192645,0.062778482215,53.5,0.01758835315725,27.5,0.0,0.0,0.0,0.0,0.0
2025-08-13 13:57:20,good,silent,still,fear,23.5675,995.425,58.0,119.07,298.7,27.72,28.22,3368.94,107.0,0.000637,2407.0,265.5,156.25,0.7919520438000001,0.77328270675,0.20829875025,0.7229312211000001,0.543076589675,0.45787745715,-1.75741744025,0.0503514856075,0.042951192705,28.25,0.014461821318249999,27.5,0.0,0.0,0.0,0.0,0.0
2025-08-13 13:57:25,good,silent,still,angry,23.552500000000002,995.4449999999999,58.41,119.07,298.70500000000004,27.655,28.155,3370.5425,107.0,0.00043325000000000004,2407.0,262.5,208.333333325,0.8063364923,0.7762762159000001,0.21647183595,0.71990431845,0.47951634975,0.4761183709,-1.678568661,0.05637189746,-0.0318878144025,1.5,0.020373076202,27.5,0.0,0.0,0.0,0.0,0.0
2025-08-13 13:57:30,poor,silent,still,fear,23.5325,995.4625000000001,57.9325,119.07,298.695,27.66,28.16,3368.94,107.0,0.000453,2408.75,260.0,213.38834765000001,0.808005869375,0.7902613282,0.2154772356,0.722206011425,0.467037700125,0.5012241304,-1.7512034775,0.068055316805,-0.0447038523825,5.5,0.01387407183475,27.5,0.0,0.0,0.0,0.0,0.0
2025-08-13 13:57:35,poor,silent,still,happy,23.525,995.435,58.0825,119.07,298.68,27.67,28.17,3368.94,106.25,0.00055625,2410.0,257.75,187.5,0.807512983675,0.8084999174,0.214735455825,0.720254927875,0.46067576855,0.53434807065,-1.7444069385,0.088244989515,-0.0504484511925,9.5,0.0222483754165,27.5,0.0,0.0,0.0,0.0,0.0
2025-08-13 13:57:40,poor,silent,still,neutral,23.52,995.4300000000001,58.09,119.07,298.685,27.715,28.215,3368.94,106.0,0.00046899999999999996,2410.75,254.75,169.194173825,0.805035024875,0.8193740844499999,0.20610993355,0.7357891053,0.45804654805,0.549659729,-1.8168051840000001,0.083584979175,-0.04752593115,13.5,0.024252462383999997,27.5,0.0,0.0,0.0,0.0,0.0
2025-08-13 13:57:45,poor,silent,still,neutral,23.51,995.4775,57.865,119.07,298.695,27.665,28.165,3368.94,106.75,0.00057225,2412.75,252.0,213.38834765000001,0.794765025375,0.8238494843,0.205847866825,0.7208536565,0.45281042905,0.5617042034999999,-1.904964745,0.10299582777499999,-0.0474960170675,17.5,0.032655197385,27.5,0.0,0.0,0.0,0.0,0.0
2025-08-13 13:57:50,poor,silent,still,neutral,23.515,995.4575,57.917500000000004,119.07,298.68,27.69,28.19,3368.94,107.0,0.0006265,2414.25,249.5,213.38834765000001,0.780944466575,0.825684547425,0.2070846297,0.703195840125,0.4280410558,0.5601952672,-1.8282782435,0.1224887073,-0.06597349234,21.5,0.0210505902765,27.5,0.0,0.0,0.0,0.0,0.0
2025-08-13 13:57:55,poor,silent,still,fear,23.515,995.44,57.9925,119.07,298.69,27.66,28.16,3368.94,107.0,0.00049825,2415.5,247.25,252.52750715,0.770722910775,0.824830502275,0.20354397595,0.6888600737,0.41200562565,0.559071838875,-1.709048659,0.1359704286,-0.07512781769,25.5,0.02453199625,27.5,0.0,0.0,0.0,0.0,0.0
2025-08-13 13:58:00,poor,silent,still,neutral,23.512500000000003,995.46,58.2375,119.07,298.685,27.665,28.165,3368.94,106.25,0.00056525,2417.5,245.5,101.783710075,0.770284891125,0.8273680210000001,0.20372362060000002,0.684714898475,0.4049907848,0.560919746775,-1.8890208305,0.142653122525,-0.08201347105250001,29.5,0.040483266115,27.5,0.0,0.0,0.0,0.0,0.0
2025-08-13 13:58:05,poor,silent,still,fear,23.515,995.4525,57.9275,119.07,298.685,27.695,28.195,3368.94,106.0,0.000646,2418.5,244.0,95.9239130435,0.7704141288999999,0.8277488201750001,0.210094582275,0.67882847785,0.39963975547499997,0.562584415075,-1.8538030385,0.14892034235,-0.0906146001075,33.5,0.023688179252499997,27.5,0.0,0.0,0.0,0.0,0.0
2025-08-13 13:58:10,poor,silent,still,neutral,23.515,995.4625000000001,57.9725,119.07,298.685,27.69,28.19,3368.94,106.0,0.0009015,2419.0,242.0,93.75,0.770363077525,0.8244470209,0.21202545985,0.68074715135,0.398989439025,0.56307069955,-1.82086232275,0.143699869525,-0.0922048296775,37.5,0.01788102388275,27.5,0.0,0.0,0.0,0.0,0.0
2025-08-13 13:58:15,poor,silent,still,neutral,23.5075,995.4625000000001,58.1725,119.07,298.69,27.67,28.17,3367.96,104.5,0.00051875,2419.5,240.25,114.583333325,0.7695413828,0.8132963627750001,0.212425965825,0.684653416275,0.39952929317499997,0.5661820173000001,-1.7802414,0.1286429465,-0.091454381125,41.5,0.019184869528,27.5,0.0,0.0,0.0,0.0,0.0
2025-08-13 13:58:20,poor,silent,still,neutral,23.5025,995.45,58.06,119.07,298.685,27.715,28.215,3363.7749999999996,104.25,0.0005402499999999999,2420.75,238.5,177.083333325,0.770000293825,0.81296527385,0.2136446796,0.686172083,0.39943441747499997,0.571129053825,-1.6658535305,0.126793190825,-0.0923880692575,45.5,0.02027205824725,27.5,0.0,0.0,0.0,0.0,0.0
2025-08-13 13:58:25,poor,silent,still,neutral,23.5025,995.45,58.0025,119.07,298.67,27.72,28.22,3357.9874999999997,105.5,0.0005325,2421.5,236.75,187.5,0.7717422545,0.823718264725,0.218458838775,0.68279996515,0.39562066645,0.57390521465,-1.6533097030000001,0.140918299575,-0.0994798801625,49.5,0.00808563232425,27.5,0.0,0.0,0.0,0.0,0.0
2025-08-13 13:58:30,poor,silent,still,neutral,23.512500000000003,995.4375,58.0325,119.07,298.67,27.73,28.23,3366.3575,105.75,0.00049975,2422.75,237.0,362.96260625,0.774137526775,0.8388680964749999,0.22321944685,0.68221087755,0.379155978575,0.578816503275,-1.7619800270000001,0.156657218925,-0.1195225082,53.5,0.02192623615375,27.5,0.0,0.0,0.0,0.0,0.0
2025-08-13 13:58:35,poor,silent,still,neutral,23.52,995.4350000000001,57.9325,119.07,298.685,27.73,28.23,3368.94,105.0,0.0005225000000000001,2434.5,241.0,1039.4610035,0.77370856705,0.83758932355,0.2173911147,0.689111471175,0.37485129385,0.57882760465,-1.7323361634999999,0.148477852325,-0.120698547,57.5,0.0171672999855,27.5,0.0,0.0,0.0,0.0,0.0
2025-08-13 13:58:40,poor,silent,still,neutral,23.5275,995.3975,58.03,119.07,298.68,27.735,28.235,3368.94,105.0,0.00055225,2456.5,246.25,1791.2456849999999,0.77361279725,0.8337841332,0.212652731725,0.688752159475,0.377230957175,0.5766553134,-1.60540968175,0.14503197372499999,-0.115901807325,61.5,0.0340182721625,27.5,0.0,0.0,0.0,0.0,0.0
2025-08-13 13:58:45,poor,silent,still,neutral,23.5225,995.4125,57.8375,119.07,298.665,27.695,28.195,3368.94,100.25,0.0005005,2496.25,256.0,2971.92721025,0.7723669708,0.8160453438749999,0.204956438375,0.69027899205,0.397857926775,0.58120433985,-1.73299503325,0.1257663518,-0.0908037777925,65.5,0.03189202547375,27.5,0.0,0.0,0.0,0.0,0.0
2025-08-13 13:58:50,poor,silent,still,neutral,23.5225,995.4300000000001,57.805,119.07,298.65,27.72,28.22,3368.94,100.0,0.000592,2555.75,272.25,4278.89592175,0.781841233375,0.8090163916499999,0.18954239415,0.7257116288000001,0.48994323612499996,0.570776954325,-1.86566227675,0.083304762835,0.00425142236,69.5,0.0430054664625,27.5,0.0,0.0,0.0,0.0,0.0
2025-08-13 13:58:55,poor,silent,still,neutral,23.5275,995.425,58.0275,119.07,298.66,27.755,28.255,3368.94,101.0,0.000547,2629.5,288.5,5119.69906125,0.7864535898,0.77662950755,0.1916586794,0.7329825908,0.57644607125,0.55939897895,-1.7674997449999998,0.0436469167475,0.08738993667,73.5,0.0444775819775,27.5,0.0,0.0,0.0,0.0,0.0
2025-08-13 13:59:00,poor,silent,still,neutral,23.5225,995.4425,57.9225,119.07,298.655,27.745,28.245,3368.94,103.75,0.0004735,2697.0,299.0,3505.98193925,0.8019577115500001,0.753677785375,0.214062940325,0.73360683025,0.620642662025,0.521700203425,-1.6556114555,0.02007095516,0.1126323360825,77.5,0.0413963079485,27.5,0.0,0.0,0.0,0.0,0.0
2025-08-13 13:59:05,poor,silent,still,neutral,23.52,995.4625000000001,58.465,119.07,298.65,27.759999999999998,28.259999999999998,3368.94,102.25,0.0005095,2746.75,306.25,2838.4549655,0.8126910031,0.74813635645,0.25057781487499997,0.71690548955,0.65071231125,0.506603837,-1.60128706725,0.031230866910000002,0.11907790227500001,81.5,0.013121747970999999,27.5,0.0,0.0,0.0,0.0,0.0
2025-08-13 13:59:10,poor,silent,still,fear,23.525,995.4725000000001,57.95,119.07,298.65500000000003,27.810000000000002,28.310000000000002,3368.94,103.5,0.0007085,2783.0,309.0,2128.46157125,0.804215461,0.70229303835,0.263849079625,0.709185943025,0.6647863388249999,0.5072814673,-1.4447506965,0.0133065134275,0.1307540685,85.5,0.03409997821,27.5,0.0,0.0,0.0,0.0,0.0
2025-08-13 13:59:15,poor,silent,still,fear,23.52,995.4725000000001,57.9925,119.07,298.65,27.725,28.225,3368.94,104.75,0.0005045,2815.5,309.0,2104.16666675,0.780634284025,0.682987853875,0.26875264195000004,0.686404496425,0.6571908295,0.50513231755,-1.48663198975,0.0101142376663,0.13249736655,89.5,0.01201869249425,27.5,0.0,0.0,0.0,0.0,0.0
2025-08-13 13:59:20,poor,silent,still,fear,23.5225,995.4475,58.105000000000004,119.07,298.65,27.725,28.225,3368.94,100.25,0.00074125,2841.25,306.75,1902.9407975,0.772650569675,0.6845136136,0.276516437525,0.664789438275,0.642554923925,0.49525986615,-1.5101221205,0.019724175335,0.1179714203,93.5,0.008626455069500001,27.5,0.0,0.0,0.0,0.0,0.0
2025-08-13 13:59:25,poor,silent,still,fear,23.5075,995.4575,58.02,119.07,298.65500000000003,27.775,28.275,3368.94,99.25,0.00060225,2856.75,301.75,708.270702375,0.768439769725,0.6893746406,0.278024189175,0.666990786775,0.631852746025,0.494120590375,-1.44439968475,0.0223838537925,0.10862076655,97.5,0.007343393563599999,27.5,0.0,0.0,0.0,0.0,0.0
2025-08-13 13:59:30,poor,silent,still,fear,23.5025,995.455,57.995000000000005,119.07,298.645,27.740000000000002,28.240000000000002,3368.94,107.5,0.0009265,2861.0,293.5,904.50849725,0.7618172317999999,0.6952559351750001,0.261348888275,0.6830447912,0.614302337175,0.479114748525,-1.55047953125,0.0122111439695,0.10271927715,101.5,0.020199984312999998,27.5,0.0,0.0,0.0,0.0,0.0
2025-08-13 13:59:35,poor,silent,still,neutral,23.5025,995.44,58.2225,119.07,298.66,27.740000000000002,28.240000000000002,3368.94,105.5,0.0006695,2855.25,269.75,1985.47687875,0.761065945025,0.7071992159,0.250345662225,0.6883803159,0.6034282446,0.470528453575,-1.47294294825,0.01881889999,0.09772244097,105.5,0.017444407940249998,27.5,0.0,0.0,0.0,0.0,0.0
2025-08-13 13:59:40,poor,silent,still,fear,23.4925,995.4275,58.4675,119.07,298.63,27.755,28.255,3368.94,105.0,0.00057675,2827.25,223.0,4420.144715750001,0.762807562925,0.71413220465,0.250172540575,0.6876270175,0.598509505375,0.470472313475,-1.374888122,0.0265051871575,0.092019453645,109.5,0.0258444190025,27.5,0.0,0.0,0.0,0.0,0.0
2025-08-13 13:59:45,poor,silent,still,fear,23.4925,995.4625000000001,58.2225,119.07,298.65500000000003,27.77,28.27,3368.94,106.0,0.0005655,2789.0,182.5,2736.31790775,0.7685034722,0.723646685475,0.24884060022499999,0.696406990275,0.596470952025,0.47436431795,-1.55848291525,0.02723969518925,0.0877989158,113.5,0.0306613087665,27.5,0.0,0.0,0.0,0.0,0.0
2025-08-13 13:59:50,poor,silent,still,fear,23.49,995.4675,58.1175,119.07,298.65,27.75,28.25,3368.94,103.0,0.0005034999999999999,2762.5,176.25,1206.14535785,0.77274754645,0.717217460275,0.240661349125,0.7315003872,0.5990822911,0.481341920775,-1.756091505,0.01566709578125,0.092377843335,117.5,0.0603584110825,27.5,0.0,0.0,0.0,0.0,0.0
2025-08-13 13:59:55,poor,silent,still,sad,23.48,995.44,58.1225,119.07,298.65,27.755,28.255,3368.94,103.0,0.00047875,2754.5,184.25,826.266695325,0.778650403,0.714023247375,0.2342582494,0.74294643105,0.601106628775,0.48714538665,-1.66175958525,0.0289231836825,0.0946523025625,121.5,0.019257628914999998,27.5,0.0,0.0,0.0,0.0,0.0
2025-08-13 14:00:00,poor,silent,still,fear,23.487499999999997,995.45,57.8825,119.07,298.645,27.72,28.22,3368.94,102.25,0.0005549999999999999,2750.0,194.75,636.7250454,0.78852424025,0.727900162325,0.2337915003,0.738965943475,0.588944107275,0.49151593447499997,-1.8572604955,0.01106578111525,0.077786237,125.5,0.0399419486525,27.5,0.0,0.0,0.0,0.0,0.0
2025-08-13 14:00:05,poor,silent,still,fear,23.49,995.4625000000001,57.96,119.07,298.64,27.71,28.21,3368.94,102.5,0.00063625,2736.5,194.75,2896.653057462,0.7990348339,0.7630699575,0.217055827375,0.7635935098,0.582228869225,0.494751468325,-2.1106472912500003,0.006486847996625,0.074183538555,129.5,0.06010826229249999,27.5,0.0,0.0,0.0,0.0,0.0
2025-08-13 14:00:10,poor,silent,still,neutral,23.4925,995.4575,58.3375,119.07,298.64,27.775,28.275,3368.94,101.25,0.00063525,2687.5,182.75,3876.4037235,0.80981104075,0.78222215175,0.20681280645,0.77085247635,0.581832155575,0.49129313975,-2.25298619275,0.011369675400249999,0.07352023199,133.5,0.04290422797,27.5,0.0,0.0,0.0,0.0,0.0
2025-08-13 14:00:15,poor,silent,still,neutral,23.49,995.4375,57.9275,119.07,298.63,27.78,28.28,3368.94,100.0,0.00062325,2597.25,172.5,6863.910095249999,0.8178880363750001,0.7819083333,0.207883339375,0.7622067779,0.58383229375,0.492794953275,-2.20161080375,0.01970155537,0.070946605875,137.5,0.0080818414686,27.5,0.0,0.0,0.0,0.0,0.0
2025-08-13 14:00:20,poor,silent,still,fear,23.494999999999997,995.4575,57.685,119.07,298.62,27.75,28.25,3368.94,97.75,0.00055725,2468.25,167.0,9079.143476000001,0.824179366225,0.7911415845499999,0.2116940245,0.746074795725,0.582486540075,0.505759298825,-2.26082473975,0.04506678879,0.06454984471,141.5,0.015439677237175,27.5,0.0,0.0,0.0,0.0,0.0
2025-08-13 14:00:25,poor,silent,still,sad,23.505000000000003,995.4275,58.2025,119.07,298.615,27.71,28.21,3368.94,104.0,0.00054725,2343.25,155.0,7638.4118527499995,0.83228851855,0.816680014125,0.2104049623,0.743932902825,0.56381343305,0.5260688662499999,-2.35046952975,0.07274711132,0.0424666926275,145.5,0.01853419542375,27.5,0.0,0.0,0.0,0.0,0.0
2025-08-13 14:00:30,poor,silent,still,fear,23.512500000000003,995.45,58.3925,119.07,298.605,27.740000000000002,28.240000000000002,3368.94,110.0,0.00051875,2265.25,135.75,3710.2440942499998,0.832342237225,0.831951260575,0.207978967575,0.7332748770499999,0.527336791175,0.54240311685,-2.21254891175,0.0986763835,0.007176190767999999,149.5,0.04621528387,27.5,0.0,0.0,0.0,0.0,0.0
2025-08-13 14:00:35,poor,silent,still,neutral,23.5225,995.4300000000001,58.0925,119.07,298.62,27.785,28.285,3368.94,113.0,0.00058075,2227.25,101.5,4189.44288625,0.83093611895,0.84776081145,0.2156139873,0.7064128071,0.502285264425,0.545183360575,-2.0426400305,0.14134800435,-0.020989788695,153.5,0.04368981122825,27.5,0.0,0.0,0.0,0.0,0.0
2025-08-13 14:00:40,poor,silent,still,fear,23.515,995.425,58.0575,119.07,298.63,27.775,28.275,3368.94,113.0,0.0009062499999999999,2188.0,37.75,5660.714765,0.827511325475,0.846760243175,0.21452515945,0.7254680544,0.493228517475,0.54949466885,-1.76121485225,0.12129218875,-0.0277897249875,157.5,0.0596127867675,27.5,0.0,0.0,0.0,0.0,0.0
2025-08-13 14:00:45,poor,silent,still,sad,23.51,995.4375,58.06,119.07,298.605,27.695,28.195,3368.94,108.75,0.00074225,2118.75,-30.75,6675.13909875,0.8241587728249999,0.844980731625,0.21422225235,0.743329539875,0.4903769195,0.553889721625,-1.62552112325,0.101651191725,-0.0288135930875,161.5,0.042021870615,27.5,0.0,0.0,0.0,0.0,0.0
2025-08-13 14:00:50,poor,silent,still,neutral,23.494999999999997,995.4275,58.145,119.07,298.61,27.75,28.25,3368.94,109.5,0.000592,2017.5,-37.75,7754.4491965,0.8239511847500001,0.845333382475,0.212342795,0.747927933925,0.48896668107499996,0.55807588995,-1.6614139677500002,0.0974054485675,-0.0291803088025,165.5,0.0251065611825,27.5,0.0,0.0,0.0,0.0,0.0
2025-08-13 14:00:55,poor,silent,still,sad,23.487499999999997,995.45,58.067499999999995,119.07,298.615,27.72,28.22,3368.94,106.75,0.00067825,1903.0,-38.0,6218.04250175,0.8184414953,0.8370109945499999,0.211087949575,0.7460499704,0.487175337975,0.5636274516499999,-1.637099862,0.0909610241625,-0.027589384465000002,169.5,0.024611884357500002,27.5,0.0,0.0,0.0,0.0,0.0
2025-08-13 14:01:00,poor,silent,still,sad,23.47,995.4425,58.31,119.07,298.61,27.745,28.245,3368.94,104.0,0.00059475,1875.5,-39.0,1090.7022501000001,0.8190266639,0.840398147725,0.2172970511,0.72809144855,0.485300913475,0.567545801425,-1.70267903775,0.112306699175,-0.0328609440475,173.5,0.01532039046425,27.5,0.0,0.0,0.0,0.0,0.0
2025-08-13 14:01:05,poor,silent,still,fear,23.46,995.465,58.182500000000005,119.07,298.605,27.740000000000002,28.240000000000002,3368.94,104.75,0.00066,1872.0,-32.75,1028.7376988,0.821050614125,0.8491088449749999,0.219776868825,0.7161793411,0.484841652225,0.56971633435,-1.60893374675,0.132929503925,-0.035572089255,177.5,0.0264017403125,27.5,0.0,0.0,0.0,0.0,0.0
2025-08-13 14:01:10,poor,silent,still,fear,23.4625,995.4575,58.325,119.07,298.6,27.735,28.235,3368.94,106.75,0.001085,1870.5,-33.75,496.50223065,0.822074785825,0.8557125032,0.2179210484,0.70715251565,0.4886972308,0.5704257190249999,-1.93049281825,0.148559987525,-0.0313006863,181.5,0.05579279065,27.5,0.0,0.0,0.0,0.0,0.0
2025-08-13 14:01:15,poor,silent,still,fear,23.46,995.455,58.25,119.07,298.595,27.755,28.255,3368.94,106.75,0.0005245,1870.5,-28.75,764.004041125,0.8241907656,0.8613728285,0.2111460641,0.719661787175,0.49261235445,0.5703274309749999,-1.8715456427500001,0.141711041325,-0.0250560604025,185.5,0.0239166617405,27.5,0.0,0.0,0.0,0.0,0.0
2025-08-13 14:01:20,poor,silent,still,neutral,23.4625,995.4725000000001,58.26,119.07,298.6,27.705000000000002,28.205000000000002,3368.94,106.0,0.0008554999999999999,1877.0,-23.25,1342.92706125,0.820399835675,0.850147396325,0.21317921205,0.724311798825,0.49826810509999997,0.565045356725,-1.95293128475,0.125835597525,-0.018521418795,189.5,0.0236086249375,27.5,0.0,0.0,0.0,0.0,0.0
2025-08-13 14:01:25,poor,silent,still,neutral,23.465,995.4675,58.18,119.07,298.605,27.79,28.29,3368.94,107.25,0.0009675,1889.25,-11.5,1629.87090555,0.8138310015,0.8326998055,0.21279011295,0.7336374968,0.5028627961500001,0.56276610495,-1.92267945425,0.0990623086775,-0.010447761042249998,193.5,0.01094490885625,27.5,0.0,0.0,0.0,0.0,0.0
2025-08-13 14:01:30,poor,silent,still,sad,23.4625,995.4725000000001,58.019999999999996,119.07,298.59000000000003,27.77,28.27,3368.94,108.75,0.00056875,1904.25,-3.5,1300.0641644,0.81335224215,0.8419895023,0.211828254175,0.734236791725,0.5007362664,0.56567053495,-1.8597394825,0.1077527106,-0.0118539817625,197.5,0.017827314138,27.5,0.0,0.0,0.0,0.0,0.0
2025-08-13 14:01:35,poor,silent,still,sad,23.47,995.4875,58.535000000000004,119.07,298.595,27.805,28.305,3368.94,102.5,0.0008835,1912.25,-0.25,436.338998125,0.81430880725,0.8423669338,0.2197506055,0.72817231715,0.494946561775,0.566454723475,-1.67818921825,0.114194616675,-0.022083144635,201.5,0.049286705255,27.5,0.0,0.0,0.0,0.0,0.0
2025-08-13 14:01:40,poor,silent,still,angry,23.4725,995.49,57.81,119.07,298.605,27.759999999999998,28.259999999999998,3368.94,99.25,0.000869,1916.5,1.25,827.2542486,0.812287196525,0.8325363099749999,0.220133431225,0.72779889405,0.49295145272499996,0.56654812395,-1.7155539095,0.10473741589999999,-0.023258861155,205.5,0.02659522294975,27.5,0.0,0.0,0.0,0.0,0.0
2025-08-13 14:01:45,poor,silent,still,neutral,23.4725,995.485,58.265,119.07,298.61,27.79,28.29,3368.94,101.75,0.000733,1908.0,11.25,1222.8133173,0.81140722335,0.8327743858000001,0.2197444402,0.725662767875,0.491592519,0.566091015925,-1.6557236312499999,0.107111617925,-0.02398331277,209.5,0.0177093029015,27.5,0.0,0.0,0.0,0.0,0.0
2025-08-13 14:01:50,poor,silent,still,neutral,23.4775,995.475,58.27,119.07,298.61,27.785,28.285,3368.94,103.0,0.0010105000000000001,1879.25,34.75,2986.914738,0.810678064825,0.8313692361,0.2192396298,0.7225434482249999,0.49108076095,0.56567326185,-1.61285334825,0.108825787925,-0.0238780863575,213.5,0.02664076089925,27.5,0.0,0.0,0.0,0.0,0.0
2025-08-13 14:01:55,poor,silent,still,angry,23.4675,995.48,58.557500000000005,119.07,298.62,27.79,28.29,3368.94,103.0,0.0010965,1842.0,68.0,3395.84594175,0.81132918595,0.8330848366,0.222696248425,0.71886329355,0.488839052625,0.564532563125,-1.59918349975,0.11422154305,-0.028173664585,217.5,0.0041547417629,27.5,0.0,0.0,0.0,0.0,0.0
2025-08-13 14:02:00,poor,silent,still,sad,23.4675,995.49,58.207499999999996,119.07,298.6,27.814999999999998,28.314999999999998,3368.94,102.25,0.00158625,1801.25,119.75,5512.776653,0.809499606475,0.831027835625,0.2221253626,0.717138484125,0.48710493,0.5624459088,-1.604890883,0.113889351475,-0.0287075545625,221.5,0.0075724840165,27.5,0.0,0.0,0.0,0.0,0.0
2025-08-13 14:02:05,poor,silent,still,sad,23.47,995.5,58.375,119.07,298.625,27.81,28.31,3368.94,102.0,0.000979,1767.25,196.0,5595.3859815,0.80782058835,0.827708959575,0.221456903975,0.717384785425,0.4854983613,0.56228493155,-1.549498409,0.11032417415,-0.0291403848675,225.5,0.01614550351975,27.5,0.0,0.0,0.0,0.0,0.0
2025-08-13 14:02:10,poor,silent,still,sad,23.4725,995.5,58.254999999999995,119.07,298.635,27.625,28.125,3368.94,102.75,0.0009895,1748.0,293.25,5806.20490375,0.807961523525,0.827280208475,0.2213554606,0.71904191375,0.482759483175,0.5625061392749999,-1.4882353845,0.1082382947,-0.0318990089025,229.5,0.028059417009775,27.5,0.0,0.0,0.0,0.0,0.0
2025-08-13 14:02:15,poor,silent,still,sad,23.47,995.4925000000001,58.065,119.07,298.615,27.635,28.135,3368.94,103.0,0.00111625,1745.0,362.0,3462.5,0.8089749068,0.829796195025,0.2215301022,0.7186114639,0.48067646472500003,0.562491491425,-1.56069234025,0.11118473115,-0.0345760397625,233.5,0.024470633267,27.5,0.0,0.0,0.0,0.0,0.0
2025-08-13 14:02:20,poor,silent,still,fear,23.47,995.4825000000001,58.345,119.07,298.63,27.645,28.145,3368.94,103.25,0.0006317499999999999,1745.75,404.5,2253.89110925,0.81020614505,0.8324931264,0.222276143725,0.713712707175,0.479896217575,0.5626892596499999,-1.5699961185,0.11878041924999999,-0.0363449268025,237.5,0.00622864961625,27.5,0.0,0.0,0.0,0.0,0.0
2025-08-13 14:02:25,poor,silent,still,neutral,23.47,995.5025,58.185,119.07,298.635,27.645,28.145,3368.94,104.25,0.000722,1744.75,419.0,540.64259625,0.811823263775,0.8348404914,0.22218519447500001,0.71511125565,0.4799062535,0.5630883127499999,-1.73154023275,0.119729235725,-0.03709797561,241.5,0.033042049409999996,27.5,0.0,0.0,0.0,0.0,0.0
2025-08-13 14:02:30,poor,silent,still,fear,23.465,995.4925000000001,58.275,119.07,298.625,27.63,28.13,3368.94,105.0,0.0007525,1738.0,423.5,623.4273037500001,0.813568756,0.8385206312,0.220155909675,0.720586583025,0.480132900175,0.563461765625,-1.6615359785,0.117934048175,-0.036729432640000004,245.5,0.0269543945775,27.5,0.0,0.0,0.0,0.0,0.0
2025-08-13 14:02:35,poor,silent,still,sad,23.4675,995.5025,58.2425,119.07,298.605,27.59,28.09,3368.94,105.75,0.0012014999999999999,1727.25,426.0,672.64235375,0.813463613425,0.8388415128,0.21713379024999999,0.723837599175,0.48062707485,0.5640474707,-1.59933903825,0.115003913625,-0.034671626985,249.5,0.031077980995,27.5,0.0,0.0,0.0,0.0,0.0
2025-08-13 14:02:40,poor,silent,still,fear,23.4725,995.515,57.975,119.07,298.615,27.63,28.13,3368.94,106.75,0.00110325,1714.5,422.75,998.2829585000001,0.811105653625,0.82817563415,0.21646803245000001,0.7261449396499999,0.48156529665000003,0.56601065395,-1.7229899465,0.102030694495,-0.0322215463975,253.5,0.0296033620855,27.5,0.0,0.0,0.0,0.0,0.0
2025-08-13 14:02:45,poor,silent,still,fear,23.4675,995.5,58.212500000000006,119.07,298.595,27.625,28.125,3368.94,105.25,0.00114575,1687.5,404.75,3041.905317,0.80900409815,0.82437826695,0.214727662525,0.73257143795,0.482016764575,0.566009774825,-1.70460596675,0.0918068289775,-0.0298491157575,257.5,0.024950009585000002,27.5,0.0,0.0,0.0,0.0,0.0
2025-08-13 14:02:50,poor,silent,still,fear,23.47,995.5225,58.1025,119.07,298.595,27.585,28.085,3368.94,106.0,0.00159125,1628.25,371.25,5369.7788465,0.809638544925,0.8304339051,0.2136895247,0.7382774204,0.481451950975,0.5655580759,-1.63288700575,0.09215648472,-0.03021208383,261.5,0.01602855920675,27.5,0.0,0.0,0.0,0.0,0.0
2025-08-13 14:02:55,poor,silent,still,sad,23.4725,995.525,58.26,119.07,298.605,27.625,28.125,3368.94,,0.00096125,1550.25,333.5,6145.057214,0.8114450723,0.83287870885,0.2111619599,0.747161075475,0.480837956075,0.569908082475,-1.6195197107500001,0.0857176333675,-0.030465560035,265.5,0.01400669217,27.5,0.0,0.0,0.0,0.0,0.0
2025-08-13 14:03:00,poor,silent,still,sad,23.4725,995.5225,58.5075,119.07,298.59000000000003,27.605,28.105,3368.94,,0.00049725,1417.5,270.75,10518.10450325,0.81277631225,0.837246254125,0.209474653,0.7415326834,0.4793996513,0.572474434975,-1.46135506025,0.0957135707125,-0.03172583133,269.5,0.033919245005,27.5,0.0,0.0,0.0,0.0,0.0
2025-08-13 14:03:05,poor,silent,still,neutral,23.4675,995.52,58.3075,119.07,298.595,27.57,28.07,3368.94,,0.00060275,1288.75,207.5,7743.04139525,0.8149895072,0.8459148705,0.2077881396,0.73874405025,0.47323098035,0.572841390975,-1.47189432375,0.10717082025,-0.0381578430525,273.5,0.0285176396385,27.5,0.0,0.0,0.0,0.0,0.0
2025-08-13 14:03:10,poor,silent,still,neutral,23.4625,995.5,58.525,119.07,298.62,27.6,28.1,3368.94,,0.0011029999999999998,1212.25,168.75,4030.0590007500005,0.8185849786,0.861794188625,0.2030657269,0.7513558864750001,0.464688919475,0.5795713067,-1.59072795525,0.11043830215,-0.04613643326,277.5,0.035068702697499995,27.5,0.0,0.0,0.0,0.0,0.0
2025-08-13 14:03:15,poor,silent,still,neutral,23.465,995.52,58.2425,119.07,298.6,27.605,28.105,3368.94,,0.00080375,1180.0,152.0,1263.904438925,0.820378407825,0.8613273501250001,0.19992363455,0.7542228549500001,0.463585279875,0.5849388986749999,-1.697908759,0.10710449515,-0.0465657413025,281.5,0.01979849338475,27.5,0.0,0.0,0.0,0.0,0.0
2025-08-13 14:03:20,poor,silent,still,neutral,23.4675,995.5,58.3025,119.07,298.6,27.615,28.115,3368.94,,0.0007035,1176.0,153.5,391.6666666675,0.821336463125,0.86183297635,0.20155034215,0.75126586855,0.4616740644,0.58799672125,-1.82414984675,0.110567107825,-0.04976933822,285.5,0.02461766004625,27.5,0.0,0.0,0.0,0.0,0.0
2025-08-13 14:03:25,poor,silent,still,neutral,23.4675,995.5274999999999,58.4125,119.07,298.58,27.595,28.095,3368.94,,0.00072675,1173.5,166.0,908.82535265,0.82247677445,0.8625957519,0.203633803875,0.75133369865,0.459258534025,0.589546442025,-1.820456803,0.111262053225,-0.0537967551525,289.5,0.0504170179375,27.5,0.0,0.0,0.0,0.0,0.0
2025-08-13 14:03:30,poor,silent,still,neutral,23.47,995.5425,58.225,119.07,298.59000000000003,27.555,28.055,3368.94,,0.00054,1169.75,178.25,757.11315055,0.8232881277749999,0.8614017218250001,0.203156318525,0.7524211556,0.458495594575,0.5903045535,-1.814014405,0.108980566275,-0.0547266285875,293.5,0.020682178215,27.5,0.0,0.0,0.0,0.0,0.0
2025-08-13 14:03:35,poor,silent,still,neutral,23.4675,995.535,58.305,119.07,298.61,27.61,28.11,3368.94,,0.00101175,1166.25,184.75,290.64259625,0.8193884343,0.8476908505,0.2019731775,0.74981959165,0.45571099965,0.5873079151,-1.62984922525,0.09787125886,-0.05496980622,297.5,0.046897679567,27.5,0.0,0.0,0.0,0.0,0.0
2025-08-13 14:03:40,poor,silent,still,neutral,23.4675,995.53,58.5925,119.07,298.6,27.605,28.105,3368.94,,0.00085875,1167.5,183.25,506.28519255000003,0.81722787025,0.850228294725,0.1932043098,0.762622386225,0.455902509375,0.587447255875,-1.5089843272499999,0.08760590851,-0.0493135806175,301.5,0.0407313048835,27.5,0.0,0.0,0.0,0.0,0.0
2025-08-13 14:03:45,poor,silent,still,fear,23.465,995.515,58.1,119.07,298.585,27.565,28.065,3368.94,,0.000936,1177.25,171.0,1156.5653882249999,0.8182434291,0.8597635180000001,0.1971065141,0.757976204175,0.45524449645,0.5875737071,-1.53171697275,0.1017873138,-0.05243047513,305.5,0.012142616509999999,27.5,0.0,0.0,0.0,0.0,0.0
2025-08-13 14:03:50,poor,silent,still,fear,23.46,995.5325,58.597500000000004,119.07,298.6,27.6,28.1,3368.94,,0.0012325,1190.25,154.75,1838.36207965,0.81820982695,0.856537893425,0.201175402875,0.747802570475,0.453124366675,0.586756274125,-1.48891145,0.10873532294999999,-0.056568248200000004,309.5,0.013092190026249999,27.5,0.0,0.0,0.0,0.0,0.0
2025-08-13 14:03:55,poor,silent,still,neutral,23.47,995.53,58.215,119.07,298.61,27.595,28.095,3368.94,,0.0008179999999999999,1203.75,139.5,1131.6593469,0.8158772438499999,0.8505830615750001,0.200004883125,0.744125336425,0.455117940925,0.5872168689999999,-1.5378421545,0.10645772517499999,-0.05282312259,313.5,0.00848076343675,27.5,0.0,0.0,0.0,0.0,0.0
2025-08-13 14:04:00,poor,silent,still,neutral,23.4725,995.5125,58.120000000000005,119.07,298.6,27.615000000000002,28.115000000000002,3368.94,,0.000929,1213.75,129.5,810.5438101,0.819674059725,0.861349359175,0.20282483475000002,0.732449755075,0.45544327795,0.586574494825,-1.568283737,0.12889960405,-0.055806169285,317.5,0.009408730268025,27.5,0.0,0.0,0.0,0.0,0.0
2025-08-13 14:04:05,poor,silent,still,neutral,23.48,995.52,58.32,119.07,298.605,27.725,28.225,3368.94,,0.0009755,1222.75,122.25,659.729028825,0.82567805055,0.86816331745,0.21051745859999998,0.72592151165,0.453617326925,0.5817450434,-1.457097441,0.1422418058,-0.0644804276525,321.5,0.02666432261625,27.5,0.0,0.0,0.0,0.0,0.0
2025-08-13 14:04:10,poor,silent,still,neutral,23.5,995.515,58.197500000000005,119.07,298.615,27.68,28.18,3368.94,,0.0006154999999999999,1228.75,118.75,329.5084972,0.8279205858750001,0.8705522864749999,0.224263850575,0.70251050595,0.442531540975,0.5762844682,-1.3427674475,0.168041780625,-0.083560677245,325.5,0.027202987671249998,27.5,0.0,0.0,0.0,0.0,0.0
2025-08-13 14:04:15,poor,silent,still,neutral,23.517500000000002,995.505,58.2275,119.07,298.63,27.78,28.28,3368.94,,0.0006325,1234.75,117.0,389.7542486,0.82493430375,0.859185904275,0.259437642975,0.6552762836,0.40208351615,0.55413623155,-0.95023226735,0.20390962065,-0.140102457275,329.5,0.08593295216499999,27.5,0.0,0.0,0.0,0.0,0.0
2025-08-13 14:04:20,poor,silent,still,neutral,23.53,995.5274999999999,58.082499999999996,119.07,298.64,27.755,28.255,3368.94,,0.000579,1239.25,117.75,301.77669530000003,0.822558596725,0.84446837005,0.259596616,0.6692900955750001,0.3960292861,0.5322345346249999,-0.94497092075,0.1751782745,-0.14504832029999998,333.5,0.02537123859125,27.5,0.0,0.0,0.0,0.0,0.0
2025-08-13 14:04:25,poor,silent,still,neutral,23.560000000000002,995.51,57.832499999999996,119.07,298.65500000000003,27.78,28.28,3368.94,,0.00061275,1246.5,125.75,1069.41234295,0.8232594281500001,0.842778936,0.24516667425,0.6961125135499999,0.3942225799,0.528586238625,-0.8989918529750001,0.1466664225,-0.139990471325,337.5,0.00900970101385,27.5,0.0,0.0,0.0,0.0,0.0
2025-08-13 14:04:30,poor,silent,still,neutral,23.575,995.4975,57.932500000000005,119.07,298.67,27.86,28.36,3368.94,,0.000707,1260.5,141.0,1755.483262,0.8232150524749999,0.841987609875,0.242651227875,0.7013823538999999,0.39448691905,0.52564650775,-0.945863738675,0.140605255975,-0.138446221125,341.5,0.00937517881275,27.5,0.0,0.0,0.0,0.0,0.0
2025-08-13 14:04:35,poor,silent,still,fear,23.5875,995.4825000000001,58.01,119.07,298.685,27.855,28.355,3368.94,,0.0008225,1281.25,162.0,1638.366329,0.8241496533,0.845344036825,0.23909388485,0.70302067695,0.394554719325,0.5206578672,-0.9734778552500001,0.14232335985,-0.13706704975,345.5,0.00714732110475,27.5,0.0,0.0,0.0,0.0,0.0
2025-08-13 14:04:40,poor,silent,still,neutral,23.595,995.485,58.1375,119.07,298.71000000000004,27.885,28.385,3368.94,,0.0010812500000000002,1302.0,185.25,2218.60608825,0.827012285575,0.8592185825249999,0.24653432145,0.6886503696499999,0.39682690055,0.511446461075,-0.957332044825,0.17056821287499999,-0.139946402975,349.5,0.004671847820175,27.5,0.0,0.0,0.0,0.0,0.0
2025-08-13 14:04:45,poor,silent,still,fear,23.6175,995.465,57.9925,119.07,298.72,27.875,28.375,3368.94,,0.0011350000000000002,1321.0,213.5,2177.332133,0.827957645075,0.871917977925,0.25040371715,0.67718335985,0.3991111666,0.49453590810000003,-1.002769485075,0.194734618075,-0.1400695145,353.5,0.010369178652175001,27.5,0.0,0.0,0.0,0.0,0.0
2025-08-13 14:04:50,poor,silent,still,fear,23.625,995.455,57.6375,119.07,298.76,27.86,28.36,3368.94,,0.00127625,1332.75,242.0,1786.29568575,0.8281699419,0.8765345216,0.248303648075,0.67749275265,0.399986192625,0.488073416075,-1.023569137,0.1990417689,-0.1382506024,357.5,0.0091250926265,27.5,0.0,0.0,0.0,0.0,0.0
2025-08-13 14:04:55,poor,silent,still,fear,23.645,995.4675,57.4025,119.07,298.765,27.91,28.41,3368.94,,0.0007019999999999999,1341.75,265.25,1381.475783725,0.828137561675,0.8745827377,0.24575127662500001,0.67808391155,0.401864215725,0.486138835525,-1.011344194325,0.196498826175,-0.1350802034,361.5,0.00585553645975,27.5,0.0,0.0,0.0,0.0,0.0
2025-08-13 14:05:00,poor,silent,still,fear,23.66,995.475,57.5525,119.07,298.78,27.865000000000002,28.365000000000002,3368.94,,0.0005455,1349.5,278.5,784.363949175,0.82833854855,0.8771210461750001,0.23732835800000002,0.677622541775,0.408172585075,0.485562503325,-1.0702064930000001,0.199498504375,-0.124660868175,365.5,0.01205944418775,27.5,0.0,0.0,0.0,0.0,0.0
2025-08-13 14:05:05,poor,silent,still,neutral,23.6725,995.4625000000001,57.635000000000005,119.07,298.78499999999997,27.87,28.37,3368.94,,0.0009892500000000001,1354.5,281.0,237.5,0.8275425285,0.87690983715,0.2328152694,0.686401650325,0.41101600974999997,0.486143738025,-1.07428514975,0.19050818679999998,-0.11916288920000001,369.5,0.005330133437725,27.5,0.0,0.0,0.0,0.0,0.0
2025-08-13 14:05:10,poor,silent,still,fear,23.677500000000002,995.45,57.4625,119.07,298.78999999999996,27.83,28.33,3368.94,,0.001145,1357.75,281.0,229.166666675,0.82622912525,0.87350201605,0.236438453225,0.67723080515,0.4119634852,0.48775096237500004,-1.1521238985,0.196271210925,-0.11937030405,373.5,0.01595533490125,27.5,0.0,0.0,0.0,0.0,0.0
2025-08-13 14:05:15,poor,silent,still,fear,23.68,995.4825000000001,57.7725,119.07,298.825,27.87,28.37,3368.94,,0.00180525,1362.0,280.25,389.7542486,0.8259330839,0.8740939051,0.23614663257500002,0.671309739375,0.4127516821,0.4883013591,-1.16425535075,0.20278416575,-0.118288176125,377.5,0.01100463271125,27.5,0.0,0.0,0.0,0.0,0.0
2025-08-13 14:05:20,poor,silent,still,fear,23.69,995.475,57.575,119.07,298.81,28.215,28.715,3368.94,,0.0017192499999999999,1368.75,277.25,483.67305515000004,0.82672785225,0.8701017648,0.23646229505,0.674910113225,0.41551429035,0.48946817965,-1.129335642,0.19519165160000002,-0.11608078332499999,381.5,0.0132034778585,27.5,0.0,0.0,0.0,0.0,0.0
2025-08-13 14:05:25,poor,silent,still,fear,23.697499999999998,995.475,57.95,119.07,298.83,28.625,29.125,3368.94,,0.001662,1376.0,273.0,613.69574435,0.8268451690499999,0.863747745775,0.23657045515,0.682912692425,0.41351053120000003,0.488810770225,-1.023616701275,0.1808350533,-0.1181972809,385.5,0.02910681367,27.5,0.0,0.0,0.0,0.0,0.0
2025-08-13 14:05:30,poor,silent,still,fear,23.705,995.47,57.885,119.07,298.85,28.15,28.65,3368.94,,0.0016695,1379.5,270.75,182.13834765000001,0.8265466988,0.8608040958500001,0.235439471875,0.6844406277,0.40924581885,0.483230359825,-1.0131816865,0.176363468175,-0.12174726652500001,389.5,0.00546844005575,27.5,0.0,0.0,0.0,0.0,0.0
2025-08-13 14:05:35,poor,silent,still,fear,23.7125,995.47,57.915,119.07,298.86,28.085,28.585,3368.94,,0.0008287500000000001,1376.0,270.0,562.5,0.825216710575,0.85447874665,0.228966001425,0.692422941325,0.407279171075,0.48284401,-0.97647935155,0.162055805325,-0.119812184925,393.5,0.00636070966725,27.5,0.0,0.0,0.0,0.0,0.0
2025-08-13 14:05:40,poor,silent,still,angry,23.71,995.4475,58.082499999999996,119.07,298.875,28.244999999999997,28.744999999999997,3380.73,,0.000938,1348.75,270.0,2562.5,0.8246245384249999,0.8521720617999999,0.22944389655,0.6911319047,0.40640591085,0.48999884725,-1.058508426,0.161040157075,-0.12062830665,397.5,0.014432287214999999,27.5,0.0,0.0,0.0,0.0,0.0
2025-08-13 14:05:45,poor,silent,still,fear,23.7175,995.45,57.72,119.07,298.875,28.18,28.68,3374.835,,0.00088475,1277.0,266.25,5777.7816812500005,0.8238814175,0.854749113325,0.231413535775,0.6865387559,0.406149089325,0.50029581785,-1.08411997575,0.168210357425,-0.12149838727500001,401.5,0.009585136176,27.5,0.0,0.0,0.0,0.0,0.0
2025-08-13 14:05:50,poor,silent,still,neutral,23.7175,995.4575,57.6375,119.07,298.9,28.215,28.715,3368.94,,0.00100625,1167.25,249.25,7249.687082,0.824231952425,0.8596221655249999,0.23193223775,0.689605921525,0.4069611579,0.5058235973,-1.06017777325,0.170016244075,-0.12112093715,405.5,0.00594974160175,27.5,0.0,0.0,0.0,0.0,0.0
2025-08-13 14:05:55,poor,silent,still,fear,23.7225,995.46,57.56,119.07,298.925,28.155,28.655,3374.835,,0.000876,1059.0,224.0,6544.20064075,0.82420760395,0.857039943325,0.232837561525,0.6900112331,0.4076182395,0.5081560016,-0.962746500975,0.16702871025,-0.1209043432,409.5,0.0210322856925,27.5,0.0,0.0,0.0,0.0,0.0
2025-08-13 14:06:00,poor,silent,still,fear,23.73,995.47,57.705,119.07,298.93,28.195,28.695,3368.94,,0.00072475,999.25,202.25,3034.3006525,0.824141770575,0.85457900165,0.233224924625,0.686205357325,0.40778397769999997,0.510318472975,-0.937866598375,0.168373644375,-0.12089936995,413.5,0.012562066315999999,27.5,0.0,0.0,0.0,0.0,0.0
2025-08-13 14:06:05,poor,silent,still,fear,23.737499999999997,995.435,57.68,119.07,298.98,28.23,28.73,3368.94,,0.00075325,975.5,188.0,821.386395775,0.825072377925,0.858537510025,0.23509287834999998,0.678653597825,0.409905657175,0.512777179475,-1.0202584713,0.1798839122,-0.12017697095,417.5,0.0173450619,27.5,0.0,0.0,0.0,0.0,0.0
2025-08-13 14:06:10,poor,silent,still,neutral,23.744999999999997,995.46,57.85,119.07,299.005,28.240000000000002,28.740000000000002,3368.94,,0.00089225,974.25,183.0,327.2542486,0.825329214325,0.8602945655750001,0.22890496255,0.681142494075,0.45016282795,0.521112054575,-1.113138616,0.179152071475,-0.07695426046250001,421.5,0.023401626943,27.5,0.0,0.0,0.0,0.0,0.0
2025-08-13 14:06:15,poor,silent,still,neutral,23.7525,995.44,57.7625,119.07,299.025,28.31,28.81,3368.94,,0.00082825,977.5,178.75,544.6735401999999,0.8236196786000001,0.862684249875,0.211006451425,0.707264289275,0.51544354855,0.542478308075,-1.42786547525,0.1554199606,-0.0018695164477500002,425.5,0.0696771025675,27.5,0.0,0.0,0.0,0.0,0.0
2025-08-13 14:06:20,poor,silent,still,fear,23.765,995.4525000000001,57.72,119.07,299.07,28.28,28.78,3368.94,,0.00117925,982.25,175.75,255.055014325,0.8238391429,0.861224189375,0.197522845125,0.7436859757000001,0.528843685975,0.558487832575,-1.57927754525,0.11753821374000001,0.0181626919675,429.5,0.0588540315625,27.5,0.0,0.0,0.0,0.0,0.0
2025-08-13 14:06:25,poor,silent,still,fear,23.775,995.465,57.685,119.07,299.08,28.32,28.82,3368.94,,0.001278,984.25,174.25,322.9166666675,0.8258831352,0.856171324825,0.193670153625,0.759030133475,0.536435887225,0.5601116418750001,-1.50519767425,0.097141191365,0.0266592428075,433.5,0.025207930803500003,27.5,0.0,0.0,0.0,0.0,0.0
2025-08-13 14:06:30,poor,silent,still,fear,23.78,995.4675,57.76,119.07,299.105,28.27,28.77,3368.94,,0.0017935,986.25,173.5,166.6666666575,0.82491365075,0.856410726925,0.19351228695,0.7547556162,0.539686575525,0.56176628175,-1.63717141725,0.1016551107075,0.0304736066625,437.5,0.0375691950335,27.5,0.0,0.0,0.0,0.0,0.0
2025-08-13 14:06:35,poor,silent,still,fear,23.7875,995.4475,57.4225,119.07,299.12,28.305,28.805,3368.94,,0.00210925,988.75,172.25,91.96278255,0.82375256715,0.852671161275,0.197670068575,0.741410285225,0.5387991816,0.5655705332500001,-1.73440367,0.11126087605,0.0280878636975,441.5,0.027815115452375,27.5,0.0,0.0,0.0,0.0,0.0
2025-08-13 14:06:40,poor,silent,still,fear,23.7925,995.4575,57.465,119.07,299.135,28.295,28.795,3368.94,,0.00174175,989.0,173.75,156.25,0.82427212595,0.847139507525,0.196178812525,0.7434271425,0.53946749865,0.567957818525,-1.74518793825,0.103712365025,0.029242029415,445.5,0.025153517722499998,27.5,0.0,0.0,0.0,0.0,0.0
2025-08-13 14:06:45,poor,silent,still,fear,23.8075,995.455,57.425,119.07,299.145,28.32,28.82,3368.94,,0.0017805,988.0,177.25,264.7542486,0.82452237605,0.8454720526999999,0.197986792775,0.739516854275,0.5412794053750001,0.5710911453,-1.827800989,0.1059551984,0.030024820937500002,449.5,0.02575100660225,27.5,0.0,0.0,0.0,0.0,0.0
2025-08-13 14:06:50,poor,silent,still,fear,23.822499999999998,995.45,57.92,119.07,299.185,28.335,28.835,3368.94,,0.001689,983.0,180.0,512.4322449,0.825442895275,0.845830097775,0.196606215075,0.7511258870249999,0.54435397685,0.572213396425,-1.91185531025,0.09470421076,0.033329421655,453.5,0.043441963195,27.5,0.0,0.0,0.0,0.0,0.0
2025-08-13 14:06:55,poor,silent,still,fear,23.8275,995.4425,57.35,119.07,299.20500000000004,28.314999999999998,28.814999999999998,3368.94,,0.00168825,979.5,182.0,281.25,0.825626492475,0.84629778565,0.197717100375,0.755654230725,0.55376043915,0.571413829925,-1.7166144845,0.090643554925,0.0420886427175,457.5,0.046343004699999996,27.5,0.0,0.0,0.0,0.0,0.0
2025-08-13 14:07:00,poor,silent,still,fear,23.835,995.4475,57.31,119.07,299.23,28.335,28.835,3368.94,,0.0018124999999999999,976.25,183.75,150.7417928825,0.825458735225,0.850856438275,0.196512587375,0.762908950425,0.56180377305,0.57159616055,-1.7717141507499998,0.08794748783,0.050818111745,461.5,0.03433583379,27.5,0.0,0.0,0.0,0.0,0.0
2025-08-13 14:07:05,poor,silent,still,sad,23.85,995.4325,57.4775,119.07,299.24,28.299999999999997,28.799999999999997,3368.94,,0.0022945,974.0,184.0,50.0,0.820922702525,0.8476007581,0.192729223525,0.7727601230250001,0.56847067175,0.571975082175,-1.90691584325,0.07484063506,0.06164470874,465.5,0.0298465192325,27.5,0.0,0.0,0.0,0.0,0.0
2025-08-13 14:07:10,poor,silent,still,neutral,23.855,995.4375,57.4425,119.07,299.265,28.35,28.85,3368.94,,0.00173525,974.0,183.0,93.75,0.815802529475,0.850086912525,0.1908018291,0.7735839634999999,0.5696192234749999,0.574395343675,-2.0540388225,0.076502949,0.06631704419750001,469.5,0.03686468601,27.5,0.0,0.0,0.0,0.0,0.0
2025-08-13 14:07:15,poor,silent,still,neutral,23.872500000000002,995.435,57.415,119.07,299.27,28.365,28.865,3368.94,,0.00181325,978.0,181.5,489.30902042499997,0.81554833055,0.855599328875,0.191101219525,0.765112206325,0.57040400805,0.574846819075,-1.97448179125,0.0904871225375,0.0670792330025,473.5,0.01651861071725,27.5,0.0,0.0,0.0,0.0,0.0
2025-08-13 14:07:20,poor,silent,still,neutral,23.877499999999998,995.4375,57.42,119.07,299.27,28.335,28.835,3368.94,,0.001761,988.75,179.75,808.4429681,0.8160430044,0.8559871465,0.194833081225,0.75473208725,0.570005834125,0.577400058525,-1.89711564775,0.10125505925,0.0645677912975,477.5,0.01442127823825,27.5,0.0,0.0,0.0,0.0,0.0
2025-08-13 14:07:25,poor,silent,still,neutral,23.8875,995.4375,57.0025,119.07,299.28999999999996,28.369999999999997,28.869999999999997,3368.94,,0.001691,998.0,176.0,544.67354015,0.81376613675,0.854029431925,0.19941072534999998,0.7500718235999999,0.5689624846,0.5793314874,-2.0458457767500002,0.10395760835000001,0.062374053525,481.5,0.0258055356375,27.5,0.0,0.0,0.0,0.0,0.0
2025-08-13 14:07:30,poor,silent,still,neutral,23.8925,995.4325,57.2725,119.07,299.31,28.41,28.91,3368.94,,0.0014792499999999999,1001.25,173.0,145.833333325,0.8135213852000001,0.854079484925,0.201891466975,0.744606927025,0.567261114725,0.578648284075,-2.0018904505,0.1094725579,0.0595546886325,485.5,0.016003650427675,27.5,0.0,0.0,0.0,0.0,0.0
2025-08-13 14:07:35,poor,silent,still,neutral,23.9075,995.4275,56.995000000000005,119.07,299.345,28.47,28.97,3368.94,,0.0018105,1015.75,171.5,1965.01915675,0.81258140505,0.853197261675,0.20523683355,0.7365816682749999,0.566954344475,0.577901959425,-1.9760522542499999,0.116615593425,0.0580452252175,489.5,0.006681942939,27.5,0.0,0.0,0.0,0.0,0.0
2025-08-13 14:07:40,poor,silent,still,neutral,23.9125,995.435,56.9975,119.07,299.32,28.490000000000002,28.990000000000002,3368.94,,0.001607,1026.0,171.0,237.5,0.8120262622750001,0.8527183979749999,0.20602236315,0.7372775227,0.566527634875,0.576484933475,-1.97196117025,0.11544087527500001,0.05750332214,493.5,0.011950927973749999,27.5,0.0,0.0,0.0,0.0,0.0
2025-08-13 14:07:45,poor,silent,still,neutral,23.9225,995.465,57.4975,119.07,299.35,28.48,28.98,3368.94,,0.00168475,1026.0,175.25,125.0,0.812183886775,0.8529267013,0.205284468825,0.746229603875,0.5644840747,0.572938859475,-1.94300588975,0.106697097425,0.0557498969125,497.5,0.01065866351175,27.5,0.0,0.0,0.0,0.0,0.0
2025-08-13 14:07:50,poor,silent,still,neutral,23.936666666666667,995.4466666666667,57.086666666666666,119.07,299.3533333333333,28.47,28.97,3368.94,,0.0017616666666666666,1026.0,178.0,277.7777777666667,0.8132451375333334,0.8539754152333333,0.2035876264333333,0.7444274822666667,0.5651106636000001,0.5722575386000001,-1.986493826,0.10954793293333333,0.05669428159666667,501.0,0.009656794865999999,27.5,0.0,0.0,0.0,0.0,0.0
2025-08-13 14:07:55,poor,silent,still,neutral,23.945,995.455,56.8525,119.07,299.375,28.51,29.01,3368.94,,0.00180175,1028.0,182.75,488.28495000000004,0.814320042725,0.852665111425,0.1979418099,0.74469704925,0.5700355172,0.57351347805,-2.014987111,0.10796806215,0.063904590905,504.5,0.0138951122785,27.5,0.0,0.0,0.0,0.0,0.0
2025-08-13 14:08:00,poor,silent,still,neutral,23.9625,995.4425,57.042500000000004,119.07,299.37,28.495,28.995,3368.94,,0.00173925,1031.25,194.75,848.991736525,0.812565863125,0.8385834694000001,0.198213003575,0.753947168575,0.574637979275,0.5761504173249999,-2.05912789675,0.0846363008025,0.069248545915,508.5,0.01376768350725,27.5,0.0,0.0,0.0,0.0,0.0
2025-08-13 14:08:05,poor,silent,still,neutral,23.982,995.4559999999999,56.936,119.06999999999998,299.396,28.577999999999996,29.077999999999996,3368.94,,0.0017412,1033.0,209.2,756.1552812,0.81085258724,0.8403334140800001,0.20202091634000002,0.75432540178,0.57608723642,0.5842945456599999,-2.1304754258,0.086008012294,0.06965048462,513.0,0.019956507682800002,27.5,0.0,0.0,0.0,0.0,0.0
2025-08-13 14:08:10,poor,silent,still,neutral,24.0,995.45,56.95,119.07,299.43,28.605,29.105,3368.94,,0.00200675,1028.75,222.5,1076.21415765,0.8084469884500001,0.83212688565,0.190993450575,0.77300415935,0.5800795257,0.594073832025,-2.1638591885,0.05912272632,0.0803593061825,517.5,0.020099174975,27.5,0.0,0.0,0.0,0.0,0.0
2025-08-13 14:08:15,poor,silent,still,fear,24.0175,995.4675,57.1125,119.07,299.44,28.63,29.13,3368.94,,0.00206275,1011.5,248.0,2371.59900825,0.8038766831,0.815277159225,0.18762635815,0.776154801275,0.585780337475,0.59072218835,-1.943340659,0.039122357965,0.090028816835,521.5,0.045087611675,27.5,0.0,0.0,0.0,0.0,0.0
2025-08-13 14:08:20,poor,silent,still,neutral,24.024,995.4560000000001,57.086,119.06999999999998,299.444,28.630000000000003,29.130000000000003,3368.94,,0.0017330000000000002,975.0,291.0,4078.1772733999996,0.79950425626,0.81139854192,0.18949062824000001,0.7768902421,0.58768627644,0.58816412688,-1.8475766182000002,0.034508299828,0.093188834192,526.0,0.032241754532,27.5,0.0,0.0,0.0,0.0,0.0
2025-08-13 14:08:25,poor,silent,still,neutral,24.036,995.4860000000001,56.884,119.06999999999998,299.476,28.65,29.15,3368.94,,0.0017125999999999999,880.4,359.4,8076.622568599999,0.79886465072,0.80935120582,0.19267165066,0.76923488378,0.59188306328,0.59179503918,-2.0353602408,0.04011632204,0.09611491262800001,531.0,0.037556724548,27.5,0.0,0.0,0.0,0.0,0.0
2025-08-13 14:08:30,poor,silent,still,neutral,24.052,995.4720000000001,56.596000000000004,119.06999999999998,299.488,28.65,29.15,3368.94,,0.0018422,760.8,426.4,7138.8860589999995,0.8022327065599999,0.8224971055999999,0.19278892578,0.7636704206599999,0.59404197932,0.5912234783200001,-2.0559378146,0.058826684952,0.09653116315400001,536.0,0.012611474991220001,27.5,0.0,0.0,0.0,0.0,0.0
2025-08-13 14:08:35,poor,silent,still,neutral,24.072499999999998,995.4675,56.8525,119.07,299.5,28.685,29.185,3368.94,,0.00137725,639.25,476.0,7774.219170750001,0.8041411489,0.8216139823249999,0.1906182207,0.778375223275,0.5936038792,0.587465032925,-2.03224527825,0.04323875904,0.09622419439249999,540.5,0.00590339898975,27.5,0.0,0.0,0.0,0.0,0.0
2025-08-13 14:08:40,poor,silent,still,neutral,24.082,995.476,56.814,119.06999999999998,299.504,28.677999999999997,29.177999999999997,3368.94,,0.0016166,520.0,496.4,6040.6856998,0.8073780774999999,0.81614266634,0.1980237335,0.7614312887200001,0.5906834960199999,0.58613437414,-2.019143796,0.05471137762,0.087982590496,545.0,0.0181649541832,27.5,0.0,0.0,0.0,0.0,0.0
2025-08-13 14:08:45,poor,silent,still,neutral,24.096,995.4639999999999,56.886,119.06999999999998,299.504,28.677999999999997,29.177999999999997,3368.94,,0.0019408000000000001,413.0,485.8,4926.759416,0.80282422304,0.78426806928,0.20835668144000002,0.74538873432,0.59425581696,0.58339180944,-1.8777096032,0.038879334926,0.08866536468,550.0,0.028286838531600002,27.5,0.0,0.0,0.0,0.0,0.0
2025-08-13 14:08:50,poor,silent,still,neutral,24.108,995.47,56.866,119.06999999999998,299.52,28.714,29.214,3368.94,,0.002041,332.8,436.2,4868.143420599999,0.79180568456,0.78455584048,0.1931058228,0.77822629212,0.59652280808,0.5759033203199999,-1.9507442949999998,0.0094909787194,0.10406705439399999,555.0,0.037758622172,27.5,0.0,0.0,0.0,0.0,0.0
2025-08-13 14:08:55,poor,silent,still,neutral,24.1125,995.48,56.79,119.07,299.53000000000003,28.695,29.195,3368.94,,0.0017825,286.0,357.75,5441.24356525,0.783666640525,0.7820150405249999,0.183163028225,0.7884541601,0.5969953984,0.5769711733,-2.07409554725,0.00643911957675,0.113580564,559.5,0.0313151478775,27.5,0.0,0.0,0.0,0.0,0.0
2025-08-13 14:09:00,poor,silent,still,fear,24.125999999999998,995.4680000000001,56.936,119.06999999999998,299.548,28.746000000000002,29.246000000000002,3368.94,,0.0019164,282.4,252.8,6545.7911028,0.78102002144,0.77332316638,0.18013686538,0.8003990412,0.5983159423,0.57988632916,-2.1850982668,0.027075874808,0.11773749888,564.0,0.0218186759942,27.5,0.0,0.0,0.0,0.0,0.0
2025-08-13 14:09:05,poor,silent,still,fear,24.134,995.448,56.598,119.06999999999998,299.572,28.758,29.258,3368.94,,0.0020882,368.4,98.6,11593.5184438,0.78409414292,0.7762498975,0.18414693772000001,0.7920191288,0.6005613923,0.58161119224,-2.2661750794,0.015769231316999997,0.11644085200000001,569.0,0.0162153625498,27.5,0.0,0.0,0.0,0.0,0.0
2025-08-13 14:09:10,poor,silent,still,neutral,24.15,995.4399999999999,56.976,119.06999999999998,299.588,28.794,29.294,3368.94,,0.0017304,563.8,-16.0,11746.5112648,0.78597444296,0.76703703406,0.19836546778,0.78058223724,0.60484318732,0.58583029508,-2.2861989496,0.0135452032078,0.11267323195999998,574.0,0.0072928524026,27.5,0.0,0.0,0.0,0.0,0.0
2025-08-13 14:09:15,poor,silent,still,neutral,24.1625,995.44,56.71,119.07,299.595,28.83,29.33,3368.94,,0.00176525,800.25,-10.0,14103.019177499998,0.79524193705,0.768770813925,0.207008723175,0.776316910975,0.607624501025,0.5873196869749999,-2.303320229,0.007546097041,0.1064991709,578.5,0.0064713478085,27.5,0.0,0.0,0.0,0.0,0.0
2025-08-13 14:09:20,poor,silent,still,neutral,24.176000000000002,995.4540000000001,56.306,119.06999999999998,299.62399999999997,28.826,29.326,3368.94,,0.0015744,1087.8,9.0,21149.45075,0.80400104522,0.7782053113,0.20751452744,0.77850031856,0.60792982578,0.58855684994,-2.2790516854,0.00141268968584,0.10217203944,583.0,0.013212175369,27.5,0.0,0.0,0.0,0.0,0.0
2025-08-13 14:09:25,poor,silent,still,neutral,24.188,995.434,56.044000000000004,119.06999999999998,299.644,28.798000000000002,29.298000000000002,3368.94,,0.0019406,1388.0,81.8,14929.685446,0.80352624654,0.7750590563,0.2110943556,0.76584296226,0.60594120026,0.58864600656,-2.2388296602,0.0092160940158,0.098630899198,588.0,0.0118234729766,27.5,0.0,0.0,0.0,0.0,0.0
2025-08-13 14:09:30,poor,silent,still,neutral,24.192500000000003,995.4525,56.28,119.07,299.675,28.805,29.305,3368.94,,0.0021085,1595.5,196.0,11626.0296345,0.803593158725,0.7758487016,0.209262512625,0.76582068205,0.604116365325,0.5885587782,-2.2365056275,0.01002801954925,0.0976885296425,592.5,0.003433811664675,27.5,0.0,0.0,0.0,0.0,0.0
2025-08-13 14:09:35,poor,silent,still,neutral,24.2,995.458,56.5,119.06999999999998,299.644,28.798000000000002,29.298000000000002,3368.94,,0.0021242,1731.4,330.8,9943.5377468,0.80290600062,0.7763520956,0.20812106132000002,0.77304383518,0.6057198167,0.5915102601,-2.2307106493999997,0.0033308614816000004,0.100206285704,597.0,0.0033388614654000005,27.5,0.0,0.0,0.0,0.0,0.0
2025-08-13 14:09:40,poor,silent,still,neutral,24.212,995.4739999999999,56.355999999999995,119.06999999999998,299.684,28.842000000000002,29.342000000000002,3368.94,,0.001752,1817.8,481.2,7666.884096600001,0.8031682610800001,0.7761498332200001,0.20617756548,0.77740131614,0.60539939406,0.5930092454,-2.2661097050000003,0.00125148296366,0.10072648079999999,602.0,0.007079811096800001,27.5,0.0,0.0,0.0,0.0,0.0
2025-08-13 14:09:45,poor,silent,still,neutral,24.218,995.458,56.358000000000004,119.06999999999998,299.68,28.862000000000002,29.362000000000002,3368.94,,0.0019784,1846.8,595.6,4836.009269200001,0.8023285985000002,0.77757124902,0.20358672144,0.77858225106,0.60322574378,0.59081860782,-2.2324056148,0.0016893029211799998,0.10026808381799998,607.0,0.0068569564805200005,27.5,0.0,0.0,0.0,0.0,0.0
2025-08-13 14:09:50,poor,silent,still,neutral,24.225,995.4675,56.3825,119.07,299.695,28.89,29.39,3368.94,,0.0023755,1846.5,656.0,2860.27738875,0.799999058225,0.783819571175,0.18935709444999999,0.7862702608000001,0.5938426107,0.58151599765,-2.21164399375,0.0032540707695,0.0991645343525,611.5,0.009053635598325,27.5,0.0,0.0,0.0,0.0,0.0
2025-08-13 14:09:55,poor,silent,still,neutral,24.235999999999997,995.4620000000001,56.29600000000001,119.06999999999998,299.716,28.926,29.426,3368.94,,0.002286,1838.4,674.4,471.23416034,0.8023295045,0.8015928864399999,0.18220002054,0.7854732990600001,0.57420324086,0.57003797292,-2.1667076112,0.016119587419999998,0.081938478352,616.0,0.0147844600676,27.5,0.0,0.0,0.0,0.0,0.0
2025-08-13 14:10:00,poor,silent,still,neutral,24.244,995.4399999999999,56.198,119.06999999999998,299.732,28.910000000000004,29.410000000000004,3368.94,,0.0020392,1840.2,662.8,1337.11621556,0.814921844,0.82100175616,0.1873542994,0.76050447224,0.5533552765799999,0.56218638422,-2.0740167858,0.060497283942000005,0.05221720487,621.0,0.02098744869198,27.5,0.0,0.0,0.0,0.0,0.0
2025-08-13 14:10:05,poor,silent,moving,neutral,24.254,995.46,56.176,119.06999999999998,299.76,28.926,29.426,3368.94,,0.0018546,1877.4,610.4,4373.321338600001,0.83911651374,0.8692311883,0.24250981808,0.67823908328,0.50078856348,0.55313310624,-1.6285471678,0.19099210502,-0.040024602416,626.0,0.089093923578,27.5,0.0,0.0,0.0,0.0,0.0
2025-08-13 14:10:10,poor,silent,still,neutral,24.26,995.4633333333335,55.77666666666667,119.07,299.78,28.95,29.45,3368.94,,0.0018269999999999998,1938.3333333333333,548.0,7431.554481333334,0.8445896705,0.8855414788,0.2788128952333333,0.6445476412666666,0.4862658480666666,0.5532870888666667,-1.410644571,0.2409938375,-0.07543543477666666,630.0,0.05602219105,27.5,0.0,0.0,0.0,0.0,0.0
